{
    "optionTypeList": {
        "name": "SAP HANA Version for RHEL9",
        "description": "List of available SAP HANA installation media directories for RHEL 9",
        "labels": [],
        "type": "manual",
        "sourceUrl": null,
        "visibility": "private",
        "sourceMethod": "GET",
        "apiType": null,
        "ignoreSSLErrors": false,
        "realTime": false,
        "credential": {
            "type": "local"
        },
        "serviceUsername": null,
        "servicePassword": null,
        "initialDataset": "[\r\n  {\"name\": \"SAP HANA 2.0 SPS 08 rev 82 for RHEL 9\", \"value\": \"/swdepot/SAP_HANA_PLATFORM_20_SPS08_rev82\"}\r\n]",
        "translationScript": null,
        "requestScript": null,
        "config": {}
    }
}