{
    "task": {
        "name": "Provide SAP installation media",
        "code": "mountSAPmediaserver",
        "visibility": "private",
        "taskType": {
            "code": "script",
            "name": "Shell Script"
        },
        "labels": [],
        "taskOptions": {
            "port": null,
            "shell.sudo": "on",
            "localScriptGitRef": null,
            "host": null,
            "username": null,
            "password": null,
            "passwordHash": null,
            "sshKey": null
        },
        "resultType": null,
        "executeTarget": "resource",
        "retryable": false,
        "retryCount": 5,
        "retryDelaySeconds": 10,
        "file": {
            "sourceType": "local",
            "content": "#!/bin/bash\r\n\r\n# Input section\r\nsap_media_folder=\"<%= customOptions.sap_media_folder %>\"\r\nmedia_server_type=\"<%= customOptions.media_server_type %>\"\r\nmedia_server_ip=\"<%= customOptions.media_server_ip %>\"\r\nmedia_server_share=\"<%= customOptions.media_server_share %>\"\r\nmedia_server_username=\"<%= customOptions.media_server_username %>\"\r\nmedia_server_password=\"<%= customOptions.media_server_password %>\"\r\nhttp_proxy=\"<%= customOptions.http_proxy %>\"\r\n\r\n# Function to check if directory is already mounted and validate content\r\ncheck_existing_mount() {\r\n    local mount_dir=\"$1\"\r\n    local server_ip=\"$2\"\r\n\r\n#    echo \"DEBUG: Checking if $mount_dir is already mounted from $server_ip\"\r\n\r\n    # Check /proc/mounts for existing mount from the specified server IP\r\n    if grep -q \"$server_ip.*$mount_dir\" /proc/mounts; then\r\n#        echo \"DEBUG: Found existing mount from $server_ip to $mount_dir in /proc/mounts\"\r\n\r\n        # Verify mount content with timeout\r\n#        echo \"DEBUG: Verifying mount content with ls (5 second timeout)\"\r\n        local ls_output\r\n        if ls_output=$(timeout 5 ls -q \"$mount_dir\" 2>/dev/null); then\r\n\r\n            # Check if only lost+found is present (failed mount indicator)\r\n            if [[ \"$ls_output\" == \"lost+found\" ]]; then\r\n                echo \"INFO: Directory is mounted but appears unsuccessful (only lost+found present)\"\r\n                echo \"INFO: Unmounting $mount_dir\"\r\n\r\n                if umount \"$mount_dir\"; then\r\n                    echo \"INFO: Successfully unmounted $mount_dir\"\r\n                    return 2  # Mount exists but failed, unmounted successfully\r\n                else\r\n                    echo \"ERROR: Failed to unmount $mount_dir\"\r\n                    exit 1\r\n                fi\r\n            else\r\n                echo \"INFO: Directory $mount_dir is successfully mounted from $server_ip\"\r\n                mount_success=true\r\n            fi\r\n        else\r\n            echo \"INFO: Directory is mounted but ls failed/timed out - considering mount unsuccessful\"\r\n            echo \"INFO: Unmounting $mount_dir\"\r\n\r\n            if umount \"$mount_dir\"; then\r\n                echo \"INFO: Successfully unmounted $mount_dir\"\r\n                return 2  # Mount exists but failed, unmounted successfully\r\n            else\r\n                echo \"ERROR: Failed to unmount $mount_dir\"\r\n                exit 1\r\n            fi\r\n        fi\r\n    else\r\n        echo \"DEBUG: No existing mount found from $server_ip to $mount_dir\"\r\n        echo \"INFO: Directory $mount_dir is not mounted from $server_ip - will proceed with mounting\"\r\n    fi\r\n}\r\n\r\n# Create mount directory if it does not exist\r\nif [[ ! -d \"$sap_media_folder\" ]]; then\r\n  echo \"DEBUG: Creating mount directory $sap_media_folder\"\r\n  mkdir -p \"$sap_media_folder\"\r\nelse\r\n  echo \"DEBUG: Mount directory $sap_media_folder already exists\"\r\nfi\r\n\r\n# Check existing mount before attempting to mount\r\nmount_success=false\r\necho \"INFO: Checking for existing mounts before proceeding\"\r\ncheck_existing_mount \"$sap_media_folder\" \"$media_server_ip\"\r\nmount_check_result=$?\r\n\r\nif [[ $mount_check_result -eq 2 ]]; then\r\n  echo \"INFO: Mount will be tried again\"\r\nfi\r\n\r\nif [[ \"$mount_success\" == \"true\" ]]; then\r\n  echo \"INFO: Exiting the script\"\r\n  exit 0\r\nfi\r\n\r\n\r\n# Mount using CIFS\r\nif [[ \"$media_server_type\" == \"cifs\" ]]; then\r\n  echo \"INFO: Attempting CIFS mount\"\r\n  mount -t cifs \"//${media_server_ip}/${media_server_share}\" \"$sap_media_folder\" \\\r\n    -o username=\"${media_server_username}\",password=\"${media_server_password}\",ro,_netdev\r\nfi\r\n\r\n# Mount using webdav\r\nif [[ \"$media_server_type\" == \"webdav\" ]]; then\r\n  echo \"INFO: Attempting WebDAV mount\"\r\n  \r\n  # Only set http_proxy if it's not empty and not \"null\"\r\n  if [[ -n \"$http_proxy\" && \"$http_proxy\" != \"null\" ]]; then\r\n    export http_proxy=\"$http_proxy\"\r\n  fi\r\n  \r\n  if [[ -n \"$media_server_username\" && -n \"$media_server_password\" ]]; then\r\n    grep -q \"^http://${media_server_ip}/${media_server_share} ${media_server_username} \" /etc/davfs2/secrets || \\\r\n      echo \"http://${media_server_ip}/${media_server_share} ${media_server_username} ${media_server_password}\" >> /etc/davfs2/secrets\r\n    chmod 600 /etc/davfs2/secrets\r\n  fi\r\n\r\n  mount -t davfs \"http://${media_server_ip}/${media_server_share}\" \"$sap_media_folder\" -o ro,_netdev\r\nfi\r\n\r\n# Mount using NFS\r\nif [[ \"$media_server_type\" == \"nfs\" ]]; then\r\n  echo \"INFO: Attempting NFS mount\"\r\n  echo \"mount -t nfs ${media_server_ip}:${media_server_share} $sap_media_folder -o rw,_netdev\"\r\n  mount -t nfs \"${media_server_ip}:${media_server_share}\" \"$sap_media_folder\" -o ro,_netdev\r\nfi\r\n\r\n# Mount using SSHFS\r\nif [[ \"$media_server_type\" == \"sshfs\" ]]; then\r\n  echo \"INFO: Attempting SSHFS mount\"\r\n  export SSHPASS=\"${media_server_password}\"\r\n  src=\"${media_server_ip}:${media_server_share}\"\r\n  path=\"$sap_media_folder\"\r\n  sshfs \"$src\" \"$path\" -o ssh_command=\"sshpass -e ssh -l ${media_server_username}\" -o reconnect,allow_other\r\nfi\r\n\r\necho \"INFO: Checking if '$sap_media_folder' was mounted successfully\"\r\ncheck_existing_mount \"$sap_media_folder\" \"$media_server_ip\"\r\n\r\nif [[ \"$mount_success\" == \"true\" ]]; then\r\n  echo \"INFO: Exiting the script\"\r\n  exit 0\r\nfi\r\n\r\n\r\nif [[ \"$mount_success\" != \"true\" ]]; then\r\n  echo \"ERROR: The mount was not successful.\"\r\n  exit 1\r\nfi\r\n\r\necho \"INFO: Mount operation completed successfully\"",
            "contentPath": null,
            "contentRef": null,
            "repository": null
        },
        "credential": {
            "type": "local"
        }
    }
}