{
    "optionType": {
        "name": "SAP HANA Database Backup Source System Password",
        "description": "Password of the SAP HANA system user of the backup system v1.0",
        "labels": [],
        "fieldName": "sap_swpm_backup_system_password",
        "type": "password",
        "fieldLabel": "SAP HANA Backup Source Password",
        "placeHolder": null,
        "verifyPattern": null,
        "defaultValue": null,
        "required": true,
        "exportMeta": false,
        "editable": false,
        "optionList": null,
        "isHidden": true,
        "dependsOnCode": null,
        "visibleOnCode": "sap_swpm_input_list:(^NW_ABAP_OneHost:.*\\.CP\\|)",
        "requireOnCode": null
    }
}