{
    "optionType": {
        "name": "SAP APP parallel installation jobs",
        "description": "Parallel jobs during SAP installation v1.0",
        "labels": [],
        "fieldName": "sap_swpm_parallel_jobs_nr",
        "type": "text",
        "fieldLabel": "Parallel jobs during SAP installation",
        "placeHolder": null,
        "helpBlock": null,
        "verifyPattern": "^(0?[1-9]|[1-3][0-9]|40)",
        "defaultValue": null,
        "required": false,
        "exportMeta": false,
        "editable": false,
        "optionList": null,
        "isHidden": true,
        "dependsOnCode": null,
        "visibleOnCode": null,
        "requireOnCode": null
    }
}