{
    "optionType": {
        "name": "SAP APP PAS instance number",
        "description": "SAP PAS instance number v1.0",
        "labels": [],
        "fieldName": "sap_swpm_pas_instance_nr",
        "type": "text",
        "fieldLabel": "SAP PAS instance number",
        "placeHolder": null,
        "verifyPattern": "(?!(98|99))[0-9]{2}",
        "defaultValue": null,
        "required": true,
        "exportMeta": false,
        "editable": false,
        "optionList": null,
        "isHidden": false,
        "dependsOnCode": null,
        "visibleOnCode": null,
        "requireOnCode": null
    }
}