{
    "optionType": {
        "name": "SAP HANA DB Root Key Backup Password",
        "description": "SAP HANA DB Root Key Backup Password v1.0",
        "labels": [],
        "fieldName": "sap_hana_backup_rootkeys_password",
        "type": "password",
        "fieldLabel": "SAP HANA DB Root Key Backup Password",
        "placeHolder": null,
        "verifyPattern": null,
        "defaultValue": null,
        "required": true,
        "exportMeta": false,
        "editable": false,
        "optionList": null,
        "isHidden": true,
        "dependsOnCode": null,
        "visibleOnCode": "sap_swpm_input_list:(^NW_ABAP_OneHost:.*\\.CP\\|),sap_hana_restore:(true)",
        "requireOnCode": null
    }
}