{
    "optionType": {
        "name": "SAP HANA Database Backup Location List",
        "description": "Select list for available Hana backups",
        "labels": [],
        "fieldName": "sap_swpm_backup_location",
        "type": "radio",
        "fieldLabel": "Select which backup to use",
        "placeHolder": null,
        "helpBlock": null,
        "verifyPattern": null,
        "defaultValue": null,
        "required": false,
        "exportMeta": false,
        "editable": false,
        "optionList": {
            "name": "SAP HANA database backups"
        },
        "isHidden": true,
        "dependsOnCode": null,
        "visibleOnCode": "sap_swpm_input_list:(^NW_ABAP_OneHost:.*\\.CP\\|),sap_hana_restore:(true)",
        "requireOnCode": null
    }
}