{
    "optionType": {
        "name": "SAP HANA database hostname",
        "description": "Hostname of the SAP HANA database v1.0",
        "labels": [],
        "fieldName": "sap_swpm_db_host",
        "type": "text",
        "fieldLabel": "SAP HANA database hostname",
        "placeHolder": null,
        "verifyPattern": null,
        "defaultValue": null,
        "required": false,
        "exportMeta": false,
        "editable": false,
        "optionList": null,
        "isHidden": false,
        "dependsOnCode": null,
        "visibleOnCode": null,
        "requireOnCode": null
    }
}