{
    "task": {
        "name": "Get SWPM input",
        "code": "getSAPSWPMinput",
        "visibility": "private",
        "taskType": {
            "code": "script",
            "name": "Shell Script"
        },
        "labels": [],
        "taskOptions": {
            "username": null,
            "host": null,
            "password": null,
            "passwordHash": null,
            "shell.sudo": null,
            "sshKey": null,
            "localScriptGitRef": null,
            "port": null
        },
        "resultType": "keyValue",
        "executeTarget": "resource",
        "retryable": false,
        "retryCount": 5,
        "retryDelaySeconds": 10,
        "file": {
            "sourceType": "local",
            "content": "#!/bin/bash\r\n\r\ninput=\"<%= customOptions.sap_swpm_input_list %>\"\r\n\r\n# Check if the input matches the required structure\r\nif [[ ! \"$input\" =~ ^[^|]+\\|[^|]+\\|[^|]+$ ]]; then\r\n  echo -e \"Error: The value for the selected product does not follow the required structure. Please inform your administrator to correct the data. \\n The expected structure is:\\n  \\\"value\\\":\\\"SAP product ID|path to installation media directory|path to extractd SWPM directory\\\"\\n\r\n  For example:\\n\r\n  \\\"value\\\":\\\"NW_ABAP_OneHost:S4HANA2023.CORE.HDB.ABAP|/swdepot/S4HANA2023|/swdepot/S4HANA2023/SWPM\\\"\"\r\n  exit 1\r\nfi\r\n\r\n# If the input is valid, proceed with the script\r\nvar1=\"<%= customOptions.sap_swpm_input_list.tokenize('|').getAt(0) %>\"\r\nvar2=\"<%= customOptions.sap_swpm_input_list.tokenize('|').getAt(1) %>\"\r\nvar3=\"<%= customOptions.sap_swpm_input_list.tokenize('|').getAt(2) %>\"\r\n\r\necho \",sap_swpm_product_catalog_id=$var1,sap_swpm_software_path=$var2,sap_swpm_sapinst_path=$var3,\"",
            "contentPath": null,
            "contentRef": null,
            "repository": null
        },
        "credential": {
            "type": "local"
        }
    }
}