{
    "task": {
        "name": "Get SAP HANA parameter for SAP APP installation",
        "code": "getSAPHANAparameter",
        "visibility": "private",
        "taskType": {
            "code": "script",
            "name": "Shell Script"
        },
        "labels": [],
        "taskOptions": {
            "sshKey": null,
            "password": null,
            "passwordHash": null,
            "username": null,
            "port": null,
            "shell.sudo": null,
            "localScriptGitRef": null,
            "host": null
        },
        "resultType": "keyValue",
        "executeTarget": "resource",
        "retryable": false,
        "retryCount": 5,
        "retryDelaySeconds": 10,
        "file": {
            "sourceType": "local",
            "content": "#!/bin/bash\r\n\r\necho \"Detect SAP HANA hostname from input paramater or environment variables\"\r\nif [[ -n \"<%= customOptions.sap_swpm_db_host %>\" && \"<%= customOptions.sap_swpm_db_host %>\" != \"null\" ]]; then\r\n  result_hostname=\"<%= customOptions.sap_swpm_db_host %>\"\r\n  echo \"Using SAP HANA hostname from input Option: $result_hostname\"\r\nelif [[ -n \"<%= evars.SAP_HANA_HOSTNAME %>\" && \"<%= evars.SAP_HANA_HOSTNAME %>\" != \"null\" ]]; then\r\n  result_hostname=\"<%= evars.SAP_HANA_HOSTNAME %>\"\r\n  echo \"Using SAP HANA hostname from environment variable: $result_hostname\"\r\nelse\r\n  result_hostname=$(hostname)\r\n  echo \"Using current hostname as SAP HANA hostname: $result_hostname\"\r\nfi\r\n\r\n# Check if the result_hostname is reachable\r\nif ping -c 1 -W 1 \"$result_hostname\" &>/dev/null; then\r\n  echo \"Host \"$result_hostname\" is reachable through ping.\"\r\nelse\r\n  echo \"Error: The hostname '$result_hostname' is not reachable. Exiting.\"\r\n  exit 1\r\nfi\r\n\r\necho \"Detect SAP HANA SID from input paramater or environment variables\"\r\nif [[ -n \"<%= customOptions.sap_hana_install_sid %>\" && \"<%= customOptions.sap_hana_install_sid %>\" != \"null\" ]]; then\r\n  result_sid=\"<%= customOptions.sap_hana_install_sid %>\"\r\n  echo \"Using SAP HANA SID from input Option: $result_sid\"\r\nelif [[ -n \"<%= evars.SAP_HANA_SID %>\" && \"<%= evars.SAP_HANA_SID %>\" != \"null\" ]]; then\r\n  result_sid=\"<%= evars.SAP_HANA_SID %>\"\r\n  echo \"Using SAP HANA SID from environment variable: $result_sid\"\r\nfi\r\n\r\necho \"Detect SAP HANA instance number from input paramater or environment variables\"\r\nif [[ -n \"<%= customOptions.sap_hana_install_instance_number  %>\" && \"<%= customOptions.sap_hana_install_instance_number  %>\" != \"null\" ]]; then\r\n  result_inst_nr=\"<%= customOptions.sap_hana_install_instance_number  %>\"\r\n  echo \"Using SAP HANA instance number from input Option: $result_inst_nr\"\r\nelif [[ -n \"<%= evars.SAP_HANA_INSTANCE_NUMBER %>\" && \"<%= evars.SAP_HANA_INSTANCE_NUMBER %>\" != \"null\" ]]; then\r\n  result_inst_nr=\"<%= evars.SAP_HANA_INSTANCE_NUMBER %>\"\r\n  echo \"Using SAP HANA instance number from environment variable: $result_inst_nr\"\r\nfi\r\n\r\n\r\n\r\n# Output the result\r\necho \",sap_swpm_db_sid=$result_sid,sap_swpm_db_instance_nr=$result_inst_nr,sap_swpm_db_host=$result_hostname,\" ",
            "contentPath": null,
            "contentRef": null,
            "repository": null
        },
        "credential": {
            "type": "local"
        }
    }
}