{
    "instanceTypeLayout": {
        "name": "SAP HANA bare-metal",
        "labels": [
            "SAP HANA"
        ],
        "instanceVersion": "1.1",
        "description": "Layout used for existing a SAP HANA bare-metal instance connected in a 2-tier SAP application landscape",
        "sortOrder": 0,
        "creatable": true,
        "provisionTypeCode": "workflow",
        "taskSets": [
            {
                "name": "SAP HANA installation on RHEL - provisioning v.1.1",
                "description": "Mount Media share, create filesystem, install SAP HANA v1.1"
            }
        ],
        "memoryRequirement": 0,
        "supportsConvertToManaged": false,
        "optionTypes": [],
        "environmentVariables": [],
        "instanceType": {
            "name": "SAP bare metal instance type v.1.1",
            "code": "SAPbaremetalinstancetype1.1"
        }
    }
}