{
    "instanceTypeLayout": {
        "name": "SAP HANA standalone host - Base layout SUSE 15",
        "labels": [
            "SAP HANA"
        ],
        "instanceVersion": "1.1",
        "description": "Layout for SAP HANA single host on SUSE 15",
        "sortOrder": 0,
        "creatable": true,
        "provisionTypeCode": "vmware",
        "taskSets": [
            {
                "name": "SAP HANA Installation for SUSE - provisioning v.1.1",
                "description": "Mount Media share, create filesystem, install SAP HANA v1.1"
            }
        ],
        "memoryRequirement": 137438953472,
        "supportsConvertToManaged": false,
        "optionTypes": [
            {
                "name": "Ansible python interpreter",
                "fieldName": "ansible_python_interpreter",
                "description": "Ansible python interpreter v1.0",
                "displayOrder": 0
            },
            {
                "name": "Morpheus hostname",
                "fieldName": "morpheus_hostname",
                "description": "The Morpheus hostname including the domainname",
                "displayOrder": 0
            },
            {
                "name": "Morpheus IP",
                "fieldName": "morpheus_ip",
                "description": "IP of the morpheus host, required for hostname resolution without DHCP",
                "displayOrder": 0
            },
            {
                "name": "HTTP proxy",
                "fieldName": "http_proxy",
                "description": "HTTP proxy v1.0",
                "displayOrder": 0
            },
            {
                "name": "HTTPS proxy",
                "fieldName": "https_proxy",
                "description": "HTTPS proxy v1.0",
                "displayOrder": 0
            },
            {
                "name": "SAP media folder mountpoint",
                "fieldName": "sap_media_folder",
                "description": "Mountpoint of the SAP media share on the target system v1.0",
                "displayOrder": 1
            },
            {
                "name": "SAP media server IP",
                "fieldName": "media_server_ip",
                "description": "IP of the SAP media server host v1.0",
                "displayOrder": 2
            },
            {
                "name": "SAP media server share",
                "fieldName": "media_server_share",
                "description": "Folder or export location on the media share v1.0",
                "displayOrder": 3
            },
            {
                "name": "SAP media server type",
                "fieldName": "media_server_type",
                "description": "List of mount options v1.0",
                "displayOrder": 4
            },
            {
                "name": "SAP media server user",
                "fieldName": "media_server_username",
                "description": "Username for cifs or webdav mount v1.0",
                "displayOrder": 6
            },
            {
                "name": "SAP media server user password",
                "fieldName": "media_server_password",
                "description": "Media server user password  for cifs or webdav mount v1.0",
                "displayOrder": 5
            },
            {
                "name": "SAP HANA database version for SUSE 15",
                "fieldName": "sap_hana_install_software_extract_directory",
                "description": "Select the SAP HANA version for SUSE 15 v1.0",
                "displayOrder": 0
            },
            {
                "name": "SAP HANA sizing option",
                "fieldName": "sap_hana_sizing",
                "description": "SAP HANA sizing options v1.0",
                "displayOrder": 0
            },
            {
                "name": "SAP HANA volume size for /hana/data",
                "fieldName": "sap_hana_lvm_hana_data",
                "description": "Size for /hana/data/sid volume v1.0",
                "displayOrder": 1
            },
            {
                "name": "SAP HANA volume size for /hana/log",
                "fieldName": "sap_hana_lvm_hana_log",
                "description": "Size for /hana/log/sid volume v1.0",
                "displayOrder": 2
            },
            {
                "name": "SAP HANA volume size for /hana/shared",
                "fieldName": "sap_hana_lvm_hana_shared",
                "description": "Size for /hana/shared/sid volume v1.0",
                "displayOrder": 3
            },
            {
                "name": "SAP HANA SID",
                "fieldName": "sap_hana_install_sid",
                "description": "SAP HANA System ID v1.0",
                "displayOrder": 17
            },
            {
                "name": "SAP HANA instancenumber",
                "fieldName": "sap_hana_install_instance_number",
                "description": "SAP HANA instance number v1.0",
                "displayOrder": 16
            },
            {
                "name": "SAP HANA Master Password",
                "fieldName": "sap_hana_install_master_password",
                "description": "Master password for SAP HANA v1.0",
                "displayOrder": 18
            },
            {
                "name": "SAP media no proxy",
                "fieldName": "sap_media_no_proxy",
                "description": "Ignore the proxy parameters for mounting the share v1.1",
                "displayOrder": 0
            },
            {
                "name": "SAP HANA Swap space",
                "fieldName": "sap_hana_swap_size",
                "description": "Defines the Swap size for a SAP HANA system v1.1",
                "displayOrder": 0
            }
        ],
        "environmentVariables": [
            {
                "evarName": "SAP_HANA_SID",
                "name": "SAP_HANA_SID",
                "defaultValue": "<%=customOptions.sap_hana_install_sid%>",
                "valueType": "fixed",
                "export": true,
                "masked": false
            },
            {
                "evarName": "SAP_HANA_INSTANCE_NUMBER",
                "name": "SAP_HANA_INSTANCE_NUMBER",
                "defaultValue": "<%=customOptions.sap_hana_install_instance_number%>",
                "valueType": "fixed",
                "export": true,
                "masked": false
            },
            {
                "evarName": "SAP_HANA_HOSTNAME",
                "name": "SAP_HANA_HOSTNAME",
                "defaultValue": "<%= instance.hostname %>",
                "valueType": "fixed",
                "export": true,
                "masked": false
            }
        ],
        "instanceType": {
            "name": "SAP VMware instance type v1.1",
            "code": "SAPvmwareinstancetype1.1"
        }
    }
}