{
    "instanceTypeLayout": {
        "name": "SAP Application host for 2-tier - Base layout",
        "labels": [
            "SAP PAS"
        ],
        "instanceVersion": "1.1",
        "description": "Install or restore SAP PAS in a 2-tier environment",
        "sortOrder": 0,
        "creatable": true,
        "provisionTypeCode": "vmware",
        "taskSets": [
            {
                "name": "SAP PAS installation - provisioning v.1.1",
                "description": "Provisioning workflow for SAP PAS installation or restore v1.1"
            }
        ],
        "memoryRequirement": 17179869184,
        "supportsConvertToManaged": false,
        "optionTypes": [
            {
                "name": "Ansible python interpreter",
                "fieldName": "ansible_python_interpreter",
                "description": "Ansible python interpreter v1.0",
                "displayOrder": 0
            },
            {
                "name": "Morpheus hostname",
                "fieldName": "morpheus_hostname",
                "description": "The Morpheus hostname including the domainname",
                "displayOrder": 0
            },
            {
                "name": "Morpheus IP",
                "fieldName": "morpheus_ip",
                "description": "IP of the morpheus host, required for hostname resolution without DHCP",
                "displayOrder": 0
            },
            {
                "name": "HTTP proxy",
                "fieldName": "http_proxy",
                "description": "HTTP proxy v1.0",
                "displayOrder": 0
            },
            {
                "name": "HTTPS proxy",
                "fieldName": "https_proxy",
                "description": "HTTPS proxy v1.0",
                "displayOrder": 0
            },
            {
                "name": "SAP media folder mountpoint",
                "fieldName": "sap_media_folder",
                "description": "Mountpoint of the SAP media share on the target system v1.0",
                "displayOrder": 1
            },
            {
                "name": "SAP media no proxy",
                "fieldName": "sap_media_no_proxy",
                "description": "Ignore the proxy parameters for mounting the share v1.1",
                "displayOrder": 0
            },
            {
                "name": "SAP media server IP",
                "fieldName": "media_server_ip",
                "description": "IP of the SAP media server host v1.0",
                "displayOrder": 2
            },
            {
                "name": "SAP media server share",
                "fieldName": "media_server_share",
                "description": "Folder or export location on the media share v1.0",
                "displayOrder": 3
            },
            {
                "name": "SAP media server type",
                "fieldName": "media_server_type",
                "description": "List of mount options v1.0",
                "displayOrder": 4
            },
            {
                "name": "SAP media server user",
                "fieldName": "media_server_username",
                "description": "Username for cifs or webdav mount v1.0",
                "displayOrder": 6
            },
            {
                "name": "SAP media server user password",
                "fieldName": "media_server_password",
                "description": "Media server user password  for cifs or webdav mount v1.0",
                "displayOrder": 5
            },
            {
                "name": "SAP APP PAS Product ID  input list",
                "fieldName": "sap_swpm_input_list",
                "description": "Input list for SAP PAS Product ID and media directories v1.0",
                "displayOrder": 0
            },
            {
                "name": "SAP HANA Database Backup Location List",
                "fieldName": "sap_swpm_backup_location",
                "description": "Select list for available Hana backups",
                "displayOrder": 0
            },
            {
                "name": "SAP APP SID",
                "fieldName": "sap_swpm_sid",
                "description": "SAP SID for the SAP Application v1.0",
                "displayOrder": 19
            },
            {
                "name": "SAP APP master  password",
                "fieldName": "sap_swpm_master_password",
                "description": "SAP master password v1.0",
                "displayOrder": 20
            },
            {
                "name": "SAP APP ASCS instance number",
                "fieldName": "sap_swpm_ascs_instance_nr",
                "description": "SAP ASCS instance number v1.0",
                "displayOrder": 21
            },
            {
                "name": "SAP APP PAS instance number",
                "fieldName": "sap_swpm_pas_instance_nr",
                "description": "SAP PAS instance number v1.0",
                "displayOrder": 22
            },
            {
                "name": "SAP APP parallel installation jobs",
                "fieldName": "sap_swpm_parallel_jobs_nr",
                "description": "Parallel jobs during SAP installation v1.0",
                "displayOrder": 0
            },
            {
                "name": "SAP APP Swap space",
                "fieldName": "sap_app_swap_size",
                "description": "Defines the Swap size for a SAP Application system v1.1",
                "displayOrder": 0
            },
            {
                "name": "SAP HANA Master Password",
                "fieldName": "sap_hana_install_master_password",
                "description": "Master password for SAP HANA v1.0",
                "displayOrder": 18
            },
            {
                "name": "SAP HANA Database Backup Source System Password",
                "fieldName": "sap_swpm_backup_system_password",
                "description": "Password of the SAP HANA system user of the backup system v1.0",
                "displayOrder": 13
            },
            {
                "name": "SAP HANA DB Root Key Backup Password",
                "fieldName": "sap_hana_backup_rootkeys_password",
                "description": "SAP HANA DB Root Key Backup Password v1.0",
                "displayOrder": 14
            },
            {
                "name": "SAP HANA database schema",
                "fieldName": "sap_swpm_db_schema_abap",
                "description": "SAP HANA database schema v1.0",
                "displayOrder": 10
            }
        ],
        "environmentVariables": [
            {
                "evarName": "SAP_APP_SID",
                "name": "SAP_APP_SID",
                "defaultValue": "<%=customOptions.sap_swpm_sid%>",
                "valueType": "fixed",
                "export": true,
                "masked": false
            },
            {
                "evarName": "SAP_APP_ASCS_NR",
                "name": "SAP_APP_ASCS_NR",
                "defaultValue": "<%=customOptions.sap_swpm_ascs_instance_nr%>",
                "valueType": "fixed",
                "export": true,
                "masked": false
            },
            {
                "evarName": "SAP_APP_HOSTNAME",
                "name": "SAP_APP_HOSTNAME",
                "defaultValue": "<%=instance.hostname%>",
                "valueType": "fixed",
                "export": true,
                "masked": false
            }
        ],
        "instanceType": {
            "name": "SAP VMware instance type v1.1",
            "code": "SAPvmwareinstancetype1.1"
        }
    }
}