{
    "task": {
        "name": "SAP PAS restore",
        "code": "restoreSAPAPP",
        "visibility": "private",
        "taskType": {
            "code": "ansibleTask",
            "name": "Ansible Playbook"
        },
        "labels": [],
        "taskOptions": {
            "localScriptGitRef": null,
            "host": null,
            "ansibleGitId": "5",
            "password": null,
            "passwordHash": null,
            "port": null,
            "ansiblePlaybook": "sap-swpm-default-mode-onehost-restore.yml",
            "ansibleGitRef": null,
            "ansibleTags": null,
            "sshKey": null,
            "ansibleOptions": "--user root  --extra-vars '{ \"ansible_python_interpreter\":\"<%= customOptions.ansible_python_interpreter %>\",\"sap_hana_backup_rootkeys_password\":\"<%= customOptions.sap_hana_backup_rootkeys_password %>\",\"sap_hana_backup_rootkeys_filename\":\"<%= results.getSAPHANAbackupparameter.sap_hana_backup_rootkeys_filename %>\",\"sap_swpm_db_system_password\":\"<%= customOptions.sap_hana_install_master_password %>\",\"sap_swpm_master_password\":\"<%= customOptions.sap_swpm_master_password %>\",\"sap_swpm_software_path\":\"<%= results.getSAPSWPMinput.sap_swpm_software_path  %>\",\"sap_swpm_sapinst_path\":\"<%= results.getSAPSWPMinput.sap_swpm_sapinst_path %>\",\"sap_swpm_product_catalog_id\":\"<%= results.getSAPSWPMinput.sap_swpm_product_catalog_id %>\",\"sap_swpm_sid\":\"<%= customOptions.sap_swpm_sid %>\",\"sap_swpm_ascs_instance_nr\":\"<%= customOptions.sap_swpm_ascs_instance_nr %>\",\"sap_swpm_pas_instance_nr\":\"<%= customOptions.sap_swpm_pas_instance_nr %>\",\"sap_swpm_db_sid\":\"<%= results.getSAPHANAparameter.sap_swpm_db_sid %>\",\"sap_swpm_db_instance_nr\":\"<%= results.getSAPHANAparameter.sap_swpm_db_instance_nr %>\",\"sap_swpm_db_host\":\"<%= results.getSAPHANAparameter.sap_swpm_db_host %>\",\"sap_swpm_backup_location\":\"<%= customOptions.sap_swpm_backup_location %>\",\"sap_swpm_backup_prefix\":\"<%= results.getSAPHANAbackupparameter.sap_swpm_backup_prefix %>\",\"sap_swpm_backup_system_password\":\"<%= customOptions.sap_swpm_backup_system_password %>\",\"sap_swpm_db_schema_abap\":\"<%= customOptions.sap_swpm_db_schema_abap%>\"}'",
            "ansibleSkipTags": null,
            "username": null
        },
        "resultType": null,
        "executeTarget": "resource",
        "retryable": false,
        "retryCount": 5,
        "retryDelaySeconds": 10,
        "file": null,
        "credential": {
            "type": "local"
        }
    }
}