{
    "optionTypeList": {
        "name": "SAP AAS Product ID with media directories",
        "description": "List of available Product IDs for AAS",
        "labels": [],
        "type": "manual",
        "sourceUrl": null,
        "visibility": "private",
        "sourceMethod": "GET",
        "apiType": null,
        "ignoreSSLErrors": false,
        "realTime": false,
        "credential": {
            "type": "local"
        },
        "serviceUsername": null,
        "servicePassword": null,
        "initialDataset": "[{\"name\":\"SAP BW4HANA2023 AAS\",\"value\":\"NW_DI:BW4HANA2023.CORE.HDB.PD|/swdepot/BW4HANA2023|/swdepot/BW4HANA2023/SWPM\"},\r\n {\"name\":\"SAP S4HANA2023 AAS\",\"value\":\"NW_DI:S4HANA2023.CORE.HDB.PD|/swdepot/S4HANA2023|/swdepot/S4HANA2023/SWPM\"}]",
        "translationScript": null,
        "requestScript": null,
        "config": {}
    }
}