{
    "optionTypeList": {
        "name": "SAP media type list",
        "description": "List of possible mount options",
        "labels": [],
        "type": "manual",
        "sourceUrl": null,
        "visibility": "private",
        "sourceMethod": "GET",
        "apiType": null,
        "ignoreSSLErrors": false,
        "realTime": false,
        "credential": {
            "type": "local"
        },
        "serviceUsername": null,
        "servicePassword": null,
        "initialDataset": "[\r\n  {\"name\": \"CIFS\", \"value\": \"cifs\"},\r\n  {\"name\": \"SSHFS\", \"value\": \"sshfs\"},\r\n  {\"name\": \"NFS\", \"value\": \"nfs\"},\r\n  {\"name\": \"WebDAV\", \"value\": \"webdav\"}\r\n]",
        "translationScript": null,
        "requestScript": null,
        "config": {}
    }
}