{
    "taskSet": {
        "name": "SAP Single Node  RHEL - provisioning v.1.1",
        "type": "provision",
        "description": "Workflow to Mount Media share, create filesystem, install SAP HANA and SAP Application on a single node v1.1",
        "labels": [
            "SAP single host"
        ],
        "platform": "linux",
        "visibility": "private",
        "tasks": [],
        "optionTypes": [],
        "taskSetTasks": [
            {
                "taskPhase": "postProvision",
                "taskOrder": 0,
                "task": {
                    "name": "Set morpheus hostname resolution v1.1",
                    "code": "setMorpheusdataHostnameHostsandCloud"
                }
            },
            {
                "taskPhase": "postProvision",
                "taskOrder": 1,
                "task": {
                    "name": "Provide SAP installation media v1.1",
                    "code": "mountSAPmediaserver"
                }
            },
            {
                "taskPhase": "postProvision",
                "taskOrder": 2,
                "task": {
                    "name": "Set proxy v.1.1",
                    "code": "setproxysuserhel"
                }
            },
            {
                "taskPhase": "postProvision",
                "taskOrder": 3,
                "task": {
                    "name": "Create SAP HANA directories RHEL",
                    "code": "createSAPHANAdirsRHEL"
                }
            },
            {
                "taskPhase": "postProvision",
                "taskOrder": 4,
                "task": {
                    "name": "Configure Swap for SAP HANA or SAP application",
                    "code": "configureSwapSAP"
                }
            },
            {
                "taskPhase": "postProvision",
                "taskOrder": 5,
                "task": {
                    "name": "SAP HANA database task",
                    "code": "installSAPHANA"
                }
            },
            {
                "taskPhase": "postProvision",
                "taskOrder": 6,
                "task": {
                    "name": "Get SWPM input",
                    "code": "getSAPSWPMinput"
                }
            },
            {
                "taskPhase": "postProvision",
                "taskOrder": 7,
                "task": {
                    "name": "Get SAP HANA parameter for SAP APP installation",
                    "code": "getSAPHANAparameter"
                }
            },
            {
                "taskPhase": "postProvision",
                "taskOrder": 8,
                "task": {
                    "name": "Create SAP APP directories",
                    "code": "createSAPAPPdirs"
                }
            },
            {
                "taskPhase": "postProvision",
                "taskOrder": 9,
                "task": {
                    "name": "Prepare hosts file v.1.1",
                    "code": "prepareetchostorcloudinit"
                }
            },
            {
                "taskPhase": "postProvision",
                "taskOrder": 10,
                "task": {
                    "name": "Copy crlbag file",
                    "code": "copyCrlbagfile"
                }
            },
            {
                "taskPhase": "postProvision",
                "taskOrder": 11,
                "task": {
                    "name": "Conditional Task for SWPM scenario",
                    "code": "conditionalSWPMtask"
                }
            },
            {
                "taskPhase": "postProvision",
                "taskOrder": 12,
                "task": {
                    "name": "SAP PAS post installation",
                    "code": "postinstallSAPPAS"
                }
            }
        ]
    }
}