{
    "taskSet": {
        "name": "SAP AAS installation landscape - operational v.1.1",
        "type": "operation",
        "description": "Install AAS into a morpheus landscape v1.1",
        "labels": [
            "SAP AAS"
        ],
        "platform": "linux",
        "visibility": "private",
        "tasks": [],
        "optionTypes": [
            {
                "name": "Ansible python interpreter",
                "fieldName": "ansible_python_interpreter",
                "description": "Ansible python interpreter v1.0"
            },
            {
                "name": "HTTP proxy",
                "fieldName": "http_proxy",
                "description": "HTTP proxy v1.0"
            },
            {
                "name": "HTTPS proxy",
                "fieldName": "https_proxy",
                "description": "HTTPS proxy v1.0"
            },
            {
                "name": "Morpheus hostname",
                "fieldName": "morpheus_hostname",
                "description": "The Morpheus hostname including the domainname"
            },
            {
                "name": "Morpheus IP",
                "fieldName": "morpheus_ip",
                "description": "IP of the morpheus host, required for hostname resolution without DHCP"
            },
            {
                "name": "SAP media no proxy",
                "fieldName": "sap_media_no_proxy",
                "description": "Ignore the proxy parameters for mounting the share v1.1"
            },
            {
                "name": "SAP media folder mountpoint",
                "fieldName": "sap_media_folder",
                "description": "Mountpoint of the SAP media share on the target system v1.0"
            },
            {
                "name": "SAP media server IP",
                "fieldName": "media_server_ip",
                "description": "IP of the SAP media server host v1.0"
            },
            {
                "name": "SAP media server share",
                "fieldName": "media_server_share",
                "description": "Folder or export location on the media share v1.0"
            },
            {
                "name": "SAP media server type",
                "fieldName": "media_server_type",
                "description": "List of mount options v1.0",
                "optionList": {
                    "id": 1,
                    "name": "SAP media type list"
                }
            },
            {
                "name": "SAP media server user",
                "fieldName": "media_server_username",
                "description": "Username for cifs or webdav mount v1.0"
            },
            {
                "name": "SAP media server user password",
                "fieldName": "media_server_password",
                "description": "Media server user password  for cifs or webdav mount v1.0"
            },
            {
                "name": "SAP APP AAS Product ID input list",
                "fieldName": "sap_swpm_input_list",
                "description": "Input list for SAP AAS Product ID and media directories v1.0",
                "optionList": {
                    "id": 13,
                    "name": "SAP AAS Product ID with media directories"
                }
            },
            {
                "name": "SAP APP master  password",
                "fieldName": "sap_swpm_master_password",
                "description": "SAP master password v1.0"
            },
            {
                "name": "SAP HANA Master Password",
                "fieldName": "sap_hana_install_master_password",
                "description": "Master password for SAP HANA v1.0"
            },
            {
                "name": "SAP HANA database schema",
                "fieldName": "sap_swpm_db_schema_abap",
                "description": "SAP HANA database schema v1.0"
            }
        ],
        "taskSetTasks": [
            {
                "taskPhase": "operation",
                "taskOrder": 0,
                "task": {
                    "name": "Set morpheus hostname resolution v1.1",
                    "code": "setMorpheusdataHostnameHostsandCloud"
                }
            },
            {
                "taskPhase": "operation",
                "taskOrder": 1,
                "task": {
                    "name": "Provide SAP installation media v1.1",
                    "code": "mountSAPmediaserver"
                }
            },
            {
                "taskPhase": "operation",
                "taskOrder": 2,
                "task": {
                    "name": "Set proxy v.1.1",
                    "code": "setproxysuserhel"
                }
            },
            {
                "taskPhase": "operation",
                "taskOrder": 3,
                "task": {
                    "name": "Prepare hosts file v.1.1",
                    "code": "prepareetchostorcloudinit"
                }
            },
            {
                "taskPhase": "operation",
                "taskOrder": 4,
                "task": {
                    "name": "Get SAP parameter for SAP AAS installation",
                    "code": "getSAPAPPparameter"
                }
            },
            {
                "taskPhase": "operation",
                "taskOrder": 5,
                "task": {
                    "name": "SAP AAS pre installation",
                    "code": "preinstallSAPAAS"
                }
            },
            {
                "taskPhase": "operation",
                "taskOrder": 6,
                "task": {
                    "name": "Get SWPM input",
                    "code": "getSAPSWPMinput"
                }
            },
            {
                "taskPhase": "operation",
                "taskOrder": 7,
                "task": {
                    "name": "Copy crlbag file",
                    "code": "copyCrlbagfile"
                }
            },
            {
                "taskPhase": "operation",
                "taskOrder": 8,
                "task": {
                    "name": "SAP AAS installation",
                    "code": "installSAPAAS"
                }
            }
        ]
    }
}