{
    "taskSet": {
        "name": "SAP HANA installation on RHEL - provisioning v.1.1",
        "type": "provision",
        "description": "Mount Media share, create filesystem, install SAP HANA v1.1",
        "labels": [
            "SAP HANA"
        ],
        "platform": "linux",
        "visibility": "private",
        "tasks": [],
        "optionTypes": [],
        "taskSetTasks": [
            {
                "taskPhase": "postProvision",
                "taskOrder": 0,
                "task": {
                    "name": "Set morpheus hostname resolution v1.1",
                    "code": "setMorpheusdataHostnameHostsandCloud"
                }
            },
            {
                "taskPhase": "postProvision",
                "taskOrder": 1,
                "task": {
                    "name": "Provide SAP installation media v1.1",
                    "code": "mountSAPmediaserver"
                }
            },
            {
                "taskPhase": "postProvision",
                "taskOrder": 2,
                "task": {
                    "name": "Set proxy v.1.1",
                    "code": "setproxysuserhel"
                }
            },
            {
                "taskPhase": "postProvision",
                "taskOrder": 3,
                "task": {
                    "name": "Create SAP HANA directories RHEL",
                    "code": "createSAPHANAdirsRHEL"
                }
            },
            {
                "taskPhase": "postProvision",
                "taskOrder": 4,
                "task": {
                    "name": "Configure Swap for SAP HANA or SAP application",
                    "code": "configureSwapSAP"
                }
            },
            {
                "taskPhase": "postProvision",
                "taskOrder": 5,
                "task": {
                    "name": "SAP HANA database task",
                    "code": "installSAPHANA"
                }
            }
        ]
    }
}