{
    "taskSet": {
        "name": "SAP Single Node SUSE 15 - operational v.1.1",
        "type": "operation",
        "description": "Deploy SAP HANA and SAP application in a single system v1.1",
        "labels": [
            "SAP single host"
        ],
        "platform": "linux",
        "visibility": "private",
        "tasks": [],
        "optionTypes": [
            {
                "name": "Ansible python interpreter",
                "fieldName": "ansible_python_interpreter",
                "description": "Ansible python interpreter v1.0"
            },
            {
                "name": "Morpheus hostname",
                "fieldName": "morpheus_hostname",
                "description": "The Morpheus hostname including the domainname"
            },
            {
                "name": "Morpheus IP",
                "fieldName": "morpheus_ip",
                "description": "IP of the morpheus host, required for hostname resolution without DHCP"
            },
            {
                "name": "HTTP proxy",
                "fieldName": "http_proxy",
                "description": "HTTP proxy v1.0"
            },
            {
                "name": "HTTPS proxy",
                "fieldName": "https_proxy",
                "description": "HTTPS proxy v1.0"
            },
            {
                "name": "SAP media no proxy",
                "fieldName": "sap_media_no_proxy",
                "description": "Ignore the proxy parameters for mounting the share v1.1"
            },
            {
                "name": "SAP media folder mountpoint",
                "fieldName": "sap_media_folder",
                "description": "Mountpoint of the SAP media share on the target system v1.0"
            },
            {
                "name": "SAP media server IP",
                "fieldName": "media_server_ip",
                "description": "IP of the SAP media server host v1.0"
            },
            {
                "name": "SAP media server share",
                "fieldName": "media_server_share",
                "description": "Folder or export location on the media share v1.0"
            },
            {
                "name": "SAP media server type",
                "fieldName": "media_server_type",
                "description": "List of mount options v1.0",
                "optionList": {
                    "id": 1,
                    "name": "SAP media type list"
                }
            },
            {
                "name": "SAP media server user",
                "fieldName": "media_server_username",
                "description": "Username for cifs or webdav mount v1.0"
            },
            {
                "name": "SAP media server user password",
                "fieldName": "media_server_password",
                "description": "Media server user password  for cifs or webdav mount v1.0"
            },
            {
                "name": "SAP APP PAS Product ID  input list",
                "fieldName": "sap_swpm_input_list",
                "description": "Input list for SAP PAS Product ID and media directories v1.0",
                "optionList": {
                    "id": 14,
                    "name": "SAP PAS  Product ID with media directories"
                }
            },
            {
                "name": "SAP HANA Database Backup Location List",
                "fieldName": "sap_swpm_backup_location",
                "description": "Select list for available Hana backups",
                "optionList": {
                    "id": 16,
                    "name": "SAP HANA database backups"
                }
            },
            {
                "name": "SAP HANA database version for SUSE 15",
                "fieldName": "sap_hana_install_software_extract_directory",
                "description": "Select the SAP HANA version for SUSE 15 v1.0",
                "optionList": {
                    "id": 18,
                    "name": "SAP HANA Version for SUSE 15"
                }
            },
            {
                "name": "SAP HANA sizing option",
                "fieldName": "sap_hana_sizing",
                "description": "SAP HANA sizing options v1.0",
                "optionList": {
                    "id": 11,
                    "name": "SAP HANA directory sizing option"
                }
            },
            {
                "name": "SAP HANA volume size for /hana/data",
                "fieldName": "sap_hana_lvm_hana_data",
                "description": "Size for /hana/data/sid volume v1.0"
            },
            {
                "name": "SAP HANA volume size for /hana/log",
                "fieldName": "sap_hana_lvm_hana_log",
                "description": "Size for /hana/log/sid volume v1.0"
            },
            {
                "name": "SAP HANA volume size for /hana/shared",
                "fieldName": "sap_hana_lvm_hana_shared",
                "description": "Size for /hana/shared/sid volume v1.0"
            },
            {
                "name": "SAP HANA SID",
                "fieldName": "sap_hana_install_sid",
                "description": "SAP HANA System ID v1.0"
            },
            {
                "name": "SAP HANA instancenumber",
                "fieldName": "sap_hana_install_instance_number",
                "description": "SAP HANA instance number v1.0"
            },
            {
                "name": "SAP HANA Master Password",
                "fieldName": "sap_hana_install_master_password",
                "description": "Master password for SAP HANA v1.0"
            },
            {
                "name": "SAP APP SID",
                "fieldName": "sap_swpm_sid",
                "description": "SAP SID for the SAP Application v1.0"
            },
            {
                "name": "SAP APP master  password",
                "fieldName": "sap_swpm_master_password",
                "description": "SAP master password v1.0"
            },
            {
                "name": "SAP APP ASCS instance number",
                "fieldName": "sap_swpm_ascs_instance_nr",
                "description": "SAP ASCS instance number v1.0"
            },
            {
                "name": "SAP APP PAS instance number",
                "fieldName": "sap_swpm_pas_instance_nr",
                "description": "SAP PAS instance number v1.0"
            },
            {
                "name": "SAP APP parallel installation jobs",
                "fieldName": "sap_swpm_parallel_jobs_nr",
                "description": "Parallel jobs during SAP installation v1.0"
            },
            {
                "name": "SAP APP Swap space",
                "fieldName": "sap_app_swap_size",
                "description": "Defines the Swap size for a SAP Application system v1.1"
            },
            {
                "name": "SAP HANA Database Backup Source System Password",
                "fieldName": "sap_swpm_backup_system_password",
                "description": "Password of the SAP HANA system user of the backup system v1.0"
            },
            {
                "name": "SAP HANA DB Root Key Backup Password",
                "fieldName": "sap_hana_backup_rootkeys_password",
                "description": "SAP HANA DB Root Key Backup Password v1.0"
            }
        ],
        "taskSetTasks": [
            {
                "taskPhase": "operation",
                "taskOrder": 0,
                "task": {
                    "name": "Set morpheus hostname resolution v1.1",
                    "code": "setMorpheusdataHostnameHostsandCloud"
                }
            },
            {
                "taskPhase": "operation",
                "taskOrder": 1,
                "task": {
                    "name": "Provide SAP installation media v1.1",
                    "code": "mountSAPmediaserver"
                }
            },
            {
                "taskPhase": "operation",
                "taskOrder": 2,
                "task": {
                    "name": "Set proxy v.1.1",
                    "code": "setproxysuserhel"
                }
            },
            {
                "taskPhase": "operation",
                "taskOrder": 3,
                "task": {
                    "name": "Prepare hosts file v.1.1",
                    "code": "prepareetchostorcloudinit"
                }
            },
            {
                "taskPhase": "operation",
                "taskOrder": 4,
                "task": {
                    "name": "Create SAP HANA directories SUSE",
                    "code": "createSAPHANAdirsSuse"
                }
            },
            {
                "taskPhase": "operation",
                "taskOrder": 5,
                "task": {
                    "name": "Configure Swap for SAP HANA or SAP application",
                    "code": "configureSwapSAP"
                }
            },
            {
                "taskPhase": "operation",
                "taskOrder": 6,
                "task": {
                    "name": "SAP HANA database task",
                    "code": "installSAPHANA"
                }
            },
            {
                "taskPhase": "operation",
                "taskOrder": 7,
                "task": {
                    "name": "Get SWPM input",
                    "code": "getSAPSWPMinput"
                }
            },
            {
                "taskPhase": "operation",
                "taskOrder": 8,
                "task": {
                    "name": "Get SAP HANA parameter for SAP APP installation",
                    "code": "getSAPHANAparameter"
                }
            },
            {
                "taskPhase": "operation",
                "taskOrder": 9,
                "task": {
                    "name": "Create SAP APP directories",
                    "code": "createSAPAPPdirs"
                }
            },
            {
                "taskPhase": "operation",
                "taskOrder": 10,
                "task": {
                    "name": "Copy crlbag file",
                    "code": "copyCrlbagfile"
                }
            },
            {
                "taskPhase": "operation",
                "taskOrder": 11,
                "task": {
                    "name": "Conditional Task for SWPM scenario",
                    "code": "conditionalSWPMtask"
                }
            },
            {
                "taskPhase": "operation",
                "taskOrder": 12,
                "task": {
                    "name": "SAP PAS post installation",
                    "code": "postinstallSAPPAS"
                }
            }
        ]
    }
}