{
    "taskSet": {
        "name": "SAP HANA Installation for RHEL8 - operational v.1.1",
        "type": "operation",
        "description": "Operational workflow for installing SAP HANA on RHEL8 v1.1",
        "labels": [
            "SAP HANA"
        ],
        "platform": "linux",
        "visibility": "private",
        "tasks": [],
        "optionTypes": [
            {
                "name": "Ansible python interpreter",
                "fieldName": "ansible_python_interpreter",
                "description": "Ansible python interpreter v1.0"
            },
            {
                "name": "HTTP proxy",
                "fieldName": "http_proxy",
                "description": "HTTP proxy v1.0"
            },
            {
                "name": "HTTPS proxy",
                "fieldName": "https_proxy",
                "description": "HTTPS proxy v1.0"
            },
            {
                "name": "Morpheus hostname",
                "fieldName": "morpheus_hostname",
                "description": "The Morpheus hostname including the domainname"
            },
            {
                "name": "Morpheus IP",
                "fieldName": "morpheus_ip",
                "description": "IP of the morpheus host, required for hostname resolution without DHCP"
            },
            {
                "name": "SAP media no proxy",
                "fieldName": "sap_media_no_proxy",
                "description": "Ignore the proxy parameters for mounting the share v1.1"
            },
            {
                "name": "SAP media server IP",
                "fieldName": "media_server_ip",
                "description": "IP of the SAP media server host v1.0"
            },
            {
                "name": "SAP media server user password",
                "fieldName": "media_server_password",
                "description": "Media server user password  for cifs or webdav mount v1.0"
            },
            {
                "name": "SAP media server share",
                "fieldName": "media_server_share",
                "description": "Folder or export location on the media share v1.0"
            },
            {
                "name": "SAP media server type",
                "fieldName": "media_server_type",
                "description": "List of mount options v1.0",
                "optionList": {
                    "id": 1,
                    "name": "SAP media type list"
                }
            },
            {
                "name": "SAP media server user",
                "fieldName": "media_server_username",
                "description": "Username for cifs or webdav mount v1.0"
            },
            {
                "name": "SAP media folder mountpoint",
                "fieldName": "sap_media_folder",
                "description": "Mountpoint of the SAP media share on the target system v1.0"
            },
            {
                "name": "SAP HANA database version for RHEL8",
                "fieldName": "sap_hana_install_software_extract_directory",
                "description": "Select the SAP HANA version for RHEL8 v1.0",
                "optionList": {
                    "id": 5,
                    "name": "SAP HANA Version for RHEL8"
                }
            },
            {
                "name": "SAP HANA sizing option",
                "fieldName": "sap_hana_sizing",
                "description": "SAP HANA sizing options v1.0",
                "optionList": {
                    "id": 11,
                    "name": "SAP HANA directory sizing option"
                }
            },
            {
                "name": "SAP HANA volume size for /hana/data",
                "fieldName": "sap_hana_lvm_hana_data",
                "description": "Size for /hana/data/sid volume v1.0"
            },
            {
                "name": "SAP HANA volume size for /hana/log",
                "fieldName": "sap_hana_lvm_hana_log",
                "description": "Size for /hana/log/sid volume v1.0"
            },
            {
                "name": "SAP HANA volume size for /hana/shared",
                "fieldName": "sap_hana_lvm_hana_shared",
                "description": "Size for /hana/shared/sid volume v1.0"
            },
            {
                "name": "SAP HANA SID",
                "fieldName": "sap_hana_install_sid",
                "description": "SAP HANA System ID v1.0"
            },
            {
                "name": "SAP HANA instancenumber",
                "fieldName": "sap_hana_install_instance_number",
                "description": "SAP HANA instance number v1.0"
            },
            {
                "name": "SAP HANA Master Password",
                "fieldName": "sap_hana_install_master_password",
                "description": "Master password for SAP HANA v1.0"
            },
            {
                "name": "SAP HANA Swap space",
                "fieldName": "sap_hana_swap_size",
                "description": "Defines the Swap size for a SAP HANA system v1.1"
            }
        ],
        "taskSetTasks": [
            {
                "taskPhase": "operation",
                "taskOrder": 0,
                "task": {
                    "name": "Set morpheus hostname resolution v1.1",
                    "code": "setMorpheusdataHostnameHostsandCloud"
                }
            },
            {
                "taskPhase": "operation",
                "taskOrder": 1,
                "task": {
                    "name": "Provide SAP installation media v1.1",
                    "code": "mountSAPmediaserver"
                }
            },
            {
                "taskPhase": "operation",
                "taskOrder": 2,
                "task": {
                    "name": "Set proxy v.1.1",
                    "code": "setproxysuserhel"
                }
            },
            {
                "taskPhase": "operation",
                "taskOrder": 3,
                "task": {
                    "name": "Create SAP HANA directories RHEL",
                    "code": "createSAPHANAdirsRHEL"
                }
            },
            {
                "taskPhase": "operation",
                "taskOrder": 4,
                "task": {
                    "name": "Configure Swap for SAP HANA or SAP application",
                    "code": "configureSwapSAP"
                }
            },
            {
                "taskPhase": "operation",
                "taskOrder": 5,
                "task": {
                    "name": "SAP HANA database task",
                    "code": "installSAPHANA"
                }
            }
        ]
    }
}