{
    "taskSet": {
        "name": "SAP SWPM workflow for PAS installation",
        "type": "operation",
        "description": "SAP SWPM workflow for standard PAS installation v1.0",
        "labels": [],
        "platform": null,
        "visibility": "private",
        "tasks": [
            26
        ],
        "optionTypes": [],
        "taskSetTasks": [
            {
                "taskPhase": "operation",
                "taskOrder": 0,
                "task": {
                    "id": 26,
                    "name": "SAP PAS installation",
                    "code": "installSAPAPP"
                }
            }
        ]
    }
}