{
    "task": {
        "name": "Conditional Workflow SAP SWPM PAS",
        "code": "conditionalSWPMworkflow",
        "visibility": "private",
        "taskType": {
            "code": "conditionalWorkflow",
            "name": "Conditional Workflow"
        },
        "labels": [],
        "taskOptions": {
            "conditionalScript": "if (/^NW_ABAP_OneHost:.*\\.CP$/.test(results.getSAPSWPMinput.sap_swpm_product_catalog_id)) {\r\n    console.log(\"Continue with SAP system copy\"); // Debug statement for the true case\r\n    return true;\r\n} else {\r\n    console.log(\"Continue with SAP standard installation\"); // Debug statement for the else case\r\n    return false;\r\n}",
            "elseOperationalWorkflowName": "SAP SWPM workflow for PAS installation",
            "ifOperationalWorkflowName": "SAP SWPM workflow for PAS restore",
            "elseOperationalWorkflowId": null,
            "ifOperationalWorkflowId": null
        },
        "resultType": null,
        "executeTarget": "local",
        "retryable": false,
        "retryCount": 5,
        "retryDelaySeconds": 10,
        "file": null,
        "credential": {
            "type": "local"
        }
    }
}