{
    "optionTypeList": {
        "name": "SAP PAS  Product ID with media directories",
        "description": "ProductID list with installation directory",
        "labels": [],
        "type": "manual",
        "sourceUrl": null,
        "visibility": "private",
        "sourceMethod": "GET",
        "apiType": null,
        "ignoreSSLErrors": false,
        "realTime": false,
        "credential": {
            "type": "local"
        },
        "serviceUsername": null,
        "servicePassword": null,
        "initialDataset": "[{\"name\":\"SAP BW4HANA2023 PAS\",\"value\":\"NW_ABAP_OneHost:BW4HANA2023.CORE.HDB.ABAP|/swdepot/BW4HANA2023|/swdepot/BW4HANA2023/SWPM\"},\r\n {\"name\":\"SAP BW4HANA2023 System Copy\",\"value\":\"NW_ABAP_OneHost:BW4HANA2023.CORE.HDB.CP|/swdepot/BW4HANA2023|/swdepot/BW4HANA2023/SWPM\"},\r\n {\"name\":\"SAP S4HANA2023 PAS\",\"value\":\"NW_ABAP_OneHost:S4HANA2023.CORE.HDB.ABAP|/swdepot/S4HANA2023|/swdepot/S4HANA2023/SWPM\"},\r\n {\"name\":\"SAP S4HANA2023 System Copy\",\"value\":\"NW_ABAP_OneHost:S4HANA2023.CORE.HDB.CP|/swdepot/S4HANA2023|/swdepot/S4HANA2023/SWPM\"},\r\n {\"name\":\"SAP S4HANA2025 PAS\",\"value\":\"NW_ABAP_OneHost:S4HANA2025.CORE.HDB.ABAP|/swdepot/S4HANA2025|/swdepot/S4HANA2025/SWPM\"}]",
        "translationScript": null,
        "requestScript": null,
        "config": {}
    }
}