{
    "optionTypeList": {
        "name": "SAP HANA directory sizing option",
        "description": "List for available SAP HANA sizing options",
        "labels": [],
        "type": "manual",
        "sourceUrl": null,
        "visibility": "private",
        "sourceMethod": "GET",
        "apiType": null,
        "ignoreSSLErrors": false,
        "realTime": false,
        "credential": {
            "type": "local"
        },
        "serviceUsername": null,
        "servicePassword": null,
        "initialDataset": "[\r\n  {\"name\": \"Default sizing\", \"value\": \"default\"},\r\n  {\"name\": \"Dual purpose sizing\", \"value\": \"dual_purpose\"},\r\n  {\"name\": \"Custom sizing\", \"value\": \"custom\"}\r\n]",
        "translationScript": null,
        "requestScript": null,
        "config": {}
    }
}