{
    "optionTypeList": {
        "name": "SAP HANA Version for SUSE 15",
        "description": "List of available SAP HANA installation media directories for SUSE 15",
        "labels": [],
        "type": "manual",
        "sourceUrl": null,
        "visibility": "private",
        "sourceMethod": "GET",
        "apiType": null,
        "ignoreSSLErrors": false,
        "realTime": false,
        "credential": {
            "type": "local"
        },
        "serviceUsername": null,
        "servicePassword": null,
        "initialDataset": "[\r\n  {\"name\": \"SAP HANA 2.0 for BW/4HANA 2023\", \"value\": \"/swdepot/BW4HANA2023/SAP_HANA\"},\r\n  {\"name\": \"SAP HANA 2.0 for S/4HANA2023\", \"value\": \"/swdepot/S4HANA2023/SAP_HANA\"},\r\n  {\"name\": \"SAP HANA 2.0 for S/4HANA2025\", \"value\": \"/swdepot/S4HANA2025/SAP_HANA\"}\r\n]",
        "translationScript": null,
        "requestScript": null,
        "config": {}
    }
}