{
    "task": {
        "name": "Provide SAP installation media",
        "code": "mountSAPmediaserver",
        "visibility": "private",
        "taskType": {
            "code": "script",
            "name": "Shell Script"
        },
        "labels": [],
        "taskOptions": {
            "localScriptGitRef": null,
            "password": null,
            "passwordHash": null,
            "shell.sudo": "on",
            "host": null,
            "port": null,
            "username": null,
            "sshKey": null
        },
        "resultType": null,
        "executeTarget": "resource",
        "retryable": false,
        "retryCount": 5,
        "retryDelaySeconds": 10,
        "file": {
            "sourceType": "local",
            "content": "#!/bin/bash\r\n\r\n# Input section\r\nsap_media_folder=\"<%= customOptions.sap_media_folder %>\"\r\nmedia_server_type=\"<%= customOptions.media_server_type %>\"\r\nmedia_server_ip=\"<%= customOptions.media_server_ip %>\"\r\nmedia_server_share=\"<%= customOptions.media_server_share %>\"\r\nmedia_server_username=\"<%= customOptions.media_server_username %>\"\r\nmedia_server_password=\"<%= customOptions.media_server_password %>\"\r\nhttp_proxy=\"<%= customOptions.http_proxy %>\"\r\n\r\n# Create mount directory if it does not exist\r\nif [[ ! -d \"$sap_media_folder\" ]]; then\r\n  mkdir -p \"$sap_media_folder\"\r\nfi\r\n\r\nmount_success=false\r\n\r\n# Mount using CIFS\r\nif [[ \"$media_server_type\" == \"cifs\" ]]; then\r\n  mount -t cifs \"//${media_server_ip}/${media_server_share}\" \"$sap_media_folder\" \\\r\n    -o username=\"${media_server_username}\",password=\"${media_server_password}\",ro,_netdev\r\n  if mountpoint -q \"$sap_media_folder\"; then\r\n    echo \"CIFS mount successful.\"\r\n    mount_success=true\r\n  else\r\n    echo \"CIFS mount failed!\"\r\n    exit 1\r\n  fi\r\nfi\r\n\r\n# Mount using webdav\r\nif [[ \"$media_server_type\" == \"webdav\" ]]; then\r\n  echo \"http://${media_server_ip}/${media_server_share}    none    none\" >> /etc/davfs2/secrets\r\n  if [[ -n \"$http_proxy\" ]]; then\r\n    echo \"${http_proxy}    none    none\" >> /etc/davfs2/secrets\r\n  fi\r\n  mount -t davfs \"http://${media_server_ip}/${media_server_share}\" \"$sap_media_folder\" -o ro,_netdev\r\n  if mountpoint -q \"$sap_media_folder\"; then\r\n    echo \"WebDAV mount successful.\"\r\n    mount_success=true\r\n  else\r\n    echo \"WebDAV mount failed!\"\r\n    exit 1\r\n  fi\r\nfi\r\n\r\n# Mount using NFS\r\nif [[ \"$media_server_type\" == \"nfs\" ]]; then\r\n  echo \"mount -t nfs ${media_server_ip}:${media_server_share} $sap_media_folder -o rw,_netdev\"\r\n  mount -t nfs \"${media_server_ip}:${media_server_share}\" \"$sap_media_folder\" -o ro,_netdev\r\n  if mountpoint -q \"$sap_media_folder\"; then\r\n    echo \"NFS mount successful.\"\r\n    mount_success=true\r\n  else\r\n    echo \"NFS mount failed!\"\r\n    exit 1\r\n  fi\r\nfi\r\n\r\n# Mount using SSHFS\r\nif [[ \"$media_server_type\" == \"sshfs\" ]]; then\r\n  export SSHPASS=\"${media_server_password}\"\r\n  src=\"${media_server_ip}:${media_server_share}\"\r\n  path=\"$sap_media_folder\"\r\n  sshfs \"$src\" \"$path\" -o ssh_command=\"sshpass -e ssh -l ${media_server_username}\" -o reconnect,allow_other\r\n  if mountpoint -q \"$sap_media_folder\"; then\r\n    echo \"SSHFS mount successful.\"\r\n    mount_success=true\r\n  else\r\n    echo \"SSHFS mount failed!\"\r\n    exit 1\r\n  fi\r\nfi\r\n\r\nif [[ \"$mount_success\" != \"true\" ]]; then\r\n  echo \"No mount was attempted or mount type not recognized.\"\r\n  exit 1\r\nfi",
            "contentPath": null,
            "contentRef": null,
            "repository": null
        },
        "credential": {
            "type": "local"
        }
    }
}