{
    "task": {
        "name": "Get SAP parameter for SAP AAS installation",
        "code": "getSAPAPPparameter",
        "visibility": "private",
        "taskType": {
            "code": "script",
            "name": "Shell Script"
        },
        "labels": [],
        "taskOptions": {
            "password": null,
            "passwordHash": null,
            "sshKey": null,
            "host": null,
            "username": null,
            "localScriptGitRef": null,
            "shell.sudo": null,
            "port": null
        },
        "resultType": "keyValue",
        "executeTarget": "resource",
        "retryable": false,
        "retryCount": 5,
        "retryDelaySeconds": 10,
        "file": {
            "sourceType": "local",
            "content": "#!/bin/bash\r\n\r\necho \"Detect SAP HANA SID from input paramater or environment variables\"\r\nif [[ -n \"<%= customOptions.sap_hana_install_sid %>\" && \"<%= customOptions.sap_hana_install_sid %>\" != \"null\" ]]; then\r\n  result_sid=\"<%= customOptions.sap_hana_install_sid %>\"\r\n  echo \"Using SAP HANA SID from input Option: $result_sid\"\r\nelif [[ -n \"<%= evars.SAP_HANA_SID %>\" && \"<%= evars.SAP_HANA_SID %>\" != \"null\" ]]; then\r\n  result_sid=\"<%= evars.SAP_HANA_SID %>\"\r\n  echo \"Using SAP HANA SID from environment variable: $result_sid\"\r\nfi\r\n\r\necho \"Detect SAP HANA instance number from input paramater or environment variables\"\r\nif [[ -n \"<%= customOptions.sap_hana_install_instance_number  %>\" && \"<%= customOptions.sap_hana_install_instance_number  %>\" != \"null\" ]]; then\r\n  result_inst_nr=\"<%= customOptions.sap_hana_install_instance_number  %>\"\r\n  echo \"Using SAP HANA instance number from input Option: $result_inst_nr\"\r\nelif [[ -n \"<%= evars.SAP_HANA_INSTANCE_NUMBER %>\" && \"<%= evars.SAP_HANA_INSTANCE_NUMBER %>\" != \"null\" ]]; then\r\n  result_inst_nr=\"<%= evars.SAP_HANA_INSTANCE_NUMBER %>\"\r\n  echo \"Using SAP HANA instance number from environment variable: $result_inst_nr\"\r\nfi\r\n\r\necho \"Detect SAP APP SID from input paramater or environment variables\"\r\nif [[ -n \"<%= customOptions.sap_swpm_sid  %>\" && \"<%= customOptions.sap_swpm_sid  %>\" != \"null\" ]]; then\r\n  result_app_sid=\"<%= customOptions.sap_swpm_sid  %>\"\r\n  echo \"Using SAP APP SID from input Option: $result_app_sid\"\r\nelif [[ -n \"<%= evars.SAP_APP_SID %>\" && \"<%= evars.SAP_APP_SID %>\" != \"null\" ]]; then\r\n  result_app_sid=\"<%= evars.SAP_APP_SID %>\"\r\n  echo \"Using SAP APP SID from environment variable: $result_app_sid\"\r\nfi\r\n\r\necho \"Detect SAP ASCS Instance number from input paramater or environment variables\"\r\nif [[ -n \"<%= customOptions.sap_swpm_ascs_instance_nr  %>\" && \"<%= customOptions.sap_swpm_ascs_instance_nr  %>\" != \"null\" ]]; then\r\n  result_ascs_nr=\"<%= customOptions.sap_swpm_ascs_instance_nr  %>\"\r\n  echo \"Using SAP ASCS Instance number from input Option: $result_ascs_nr\"\r\nelif [[ -n \"<%= evars.SAP_APP_ASCS_NR %>\" && \"<%= evars.SAP_APP_ASCS_NR %>\" != \"null\" ]]; then\r\n  result_ascs_nr=\"<%= evars.SAP_APP_ASCS_NR %>\"\r\n  echo \"Using SAP ASCS Instance number from environment variable: $result_ascs_nr\"\r\nfi\r\n\r\n# Output the result\r\necho \",sap_swpm_db_sid=$result_sid,sap_swpm_db_instance_nr=$result_inst_nr,sap_swpm_sid=$result_app_sid,sap_swpm_ascs_instance_nr=$result_ascs_nr,\" ",
            "contentPath": null,
            "contentRef": null,
            "repository": null
        },
        "credential": {
            "type": "local"
        }
    }
}