{
    "optionTypeList": {
        "name": "SAP HANA database backups",
        "description": "Directories of SAP HANA database backups",
        "labels": [],
        "type": "manual",
        "sourceUrl": null,
        "visibility": "private",
        "sourceMethod": "GET",
        "apiType": null,
        "ignoreSSLErrors": false,
        "realTime": false,
        "credential": {
            "type": "local"
        },
        "serviceUsername": null,
        "servicePassword": null,
        "initialDataset": "[{\"name\":\"Backup BW/4HANA2023 B41\",\"value\":\"/swdepot/backups/new\"},\r\n {\"name\":\"Backup BW/4HANA2023 B42\",\"value\":\"/swdepot/backups/BW4HANA2023\"},\r\n {\"name\":\"Backup S/4HANA2023 S41\",\"value\":\"/swdepot/backups/S4HANA2023\"}]",
        "translationScript": null,
        "requestScript": null,
        "config": {}
    }
}