{
    "taskSet": {
        "name": "SAP PAS install",
        "type": "operation",
        "labels": [],
        "platform": "linux",
        "visibility": "private",
        "tasks": [],
        "optionTypes": [],
        "taskSetTasks": [
            {
                "taskPhase": "operation",
                "taskOrder": 0,
                "task": {
                    "name": "SAP PAS installation",
                    "code": "installSAPAPP"
                }
            }
        ]
    }
}