{
    "taskSet": {
        "name": "SAP PAS restore",
        "type": "operation",
        "labels": [],
        "visibility": "private",
        "tasks": [],
        "optionTypes": [],
        "taskSetTasks": [
            {
                "taskPhase": "operation",
                "taskOrder": 0,
                "task": {
                    "name": "Get SAP HANA backup parameter",
                    "code": "getSAPHANAbackupparameter"
                }
            },
            {
                "taskPhase": "operation",
                "taskOrder": 1,
                "task": {
                    "name": "SAP HANA root key import",
                    "code": "setSAPHANArootkey"
                }
            },
            {
                "taskPhase": "operation",
                "taskOrder": 2,
                "task": {
                    "name": "SAP PAS restore",
                    "code": "restoreSAPAPP"
                }
            }
        ]
    }
}