{
    "task": {
        "name": "Set morpheus hostname resolution",
        "code": "setMorpheusdataHostname",
        "visibility": "private",
        "taskType": {
            "code": "script",
            "name": "Shell Script"
        },
        "labels": [],
        "taskOptions": {
            "username": null,
            "host": null,
            "shell.sudo": "on",
            "sshKey": null,
            "port": null,
            "localScriptGitRef": null,
            "password": null,
            "passwordHash": null
        },
        "resultType": null,
        "executeTarget": "resource",
        "retryable": false,
        "retryCount": 5,
        "retryDelaySeconds": 10,
        "file": {
            "sourceType": "local",
            "content": "#!/bin/bash\r\n\r\n# Define the IP address, FQDN, and short name\r\nip_address=\"<%= customOptions.morpheus_ip %>\"\r\nfqdn=\"<%= customOptions.morpheus_hostname %>\"\r\nshort_name=\"${fqdn%%.*}\"\r\nentry=\"$ip_address $fqdn $short_name\"\r\n\r\n# Check if the hostname is resolvable\r\nif getent hosts \"$fqdn\" > /dev/null || getent hosts \"$short_name\" > /dev/null; then\r\n  echo \"Hostname is already resolvable. No changes made.\"\r\n  exit 0\r\nfi\r\n\r\n# Check if the entry already exists in /etc/hosts\r\nif ! grep -qF \"$entry\" /etc/hosts; then\r\n  echo \"$entry\" >> /etc/hosts\r\n  echo \"Entry added to /etc/hosts.\"\r\nelse\r\n  echo \"Entry already exists in /etc/hosts. No changes made.\"\r\nfi",
            "contentPath": null,
            "contentRef": null,
            "repository": null
        },
        "credential": {
            "type": "local"
        }
    }
}