{
    "task": {
        "name": "Copy crlbag file",
        "code": "copyCrlbagfile",
        "visibility": "private",
        "taskType": {
            "code": "script",
            "name": "Shell Script"
        },
        "labels": [],
        "taskOptions": {
            "host": null,
            "sshKey": null,
            "localScriptGitRef": null,
            "username": null,
            "port": null,
            "shell.sudo": "on",
            "password": null,
            "passwordHash": null
        },
        "resultType": null,
        "executeTarget": "resource",
        "retryable": false,
        "retryCount": 5,
        "retryDelaySeconds": 10,
        "file": {
            "sourceType": "local",
            "content": "#!/bin/bash\r\n\r\nsap_media_dir=\"<%= results.getSAPSWPMinput.sap_swpm_software_path %>\"\r\n\r\n# Create /root/.sapinst/ if it doesn't exist\r\nmkdir -p /root/.sapinst\r\n\r\n# Check if /root/.sapinst/crlbag.p7s exists and rename if it does\r\nif [[ -f /root/.sapinst/crlbag.p7s ]]; then\r\n  timestamp=$(date -r /root/.sapinst/crlbag.p7s  +%Y%m%d)\r\n  mv /root/.sapinst/crlbag.p7s /root/.sapinst/crlbag.p7s-\"$timestamp\"\r\nfi\r\n\r\n# Detect crlbag.p7s in sap_media_dir and copy it to /root/.sapinst\r\nif [[ -f \"$sap_media_dir/crlbag.p7s\" ]]; then\r\n  cp \"$sap_media_dir/crlbag.p7s\" /root/.sapinst/\r\nelse\r\n  echo \"crlbag.p7s not found in $sap_media_dir\"\r\nfi",
            "contentPath": null,
            "contentRef": null,
            "repository": null
        },
        "credential": {
            "type": "local"
        }
    }
}