{
    "task": {
        "name": "Create SAP APP directories",
        "code": "createSAPAPPdirs",
        "visibility": "private",
        "taskType": {
            "code": "script",
            "name": "Shell Script"
        },
        "labels": [],
        "taskOptions": {
            "password": null,
            "passwordHash": null,
            "shell.sudo": "on",
            "port": null,
            "host": null,
            "sshKey": null,
            "localScriptGitRef": null,
            "username": null
        },
        "resultType": null,
        "executeTarget": "resource",
        "retryable": false,
        "retryCount": 5,
        "retryDelaySeconds": 10,
        "file": {
            "sourceType": "local",
            "content": "#!/bin/bash\r\n\r\n_exit_on_error() {\r\n  local error_message=\"$1\"\r\n  echo \"Error: $error_message\" >&2\r\n  exit 1\r\n}\r\nsap_sid=\"<%= customOptions.sap_swpm_sid %>\"\r\n\r\necho \"Creating /usr/sap...\"\r\nmkdir -p /usr/sap || _exit_on_error \"Failed to create /usr/sap\"\r\necho \"directory /usr/sap created.\"\r\n\r\necho \"Creating /sapmnt...\"\r\nmkdir -p /sapmnt/$sap_sid || _exit_on_error \"Failed to create /sapmnt\"\r\necho \"directory /sapmnt/$sap_sid created.\"\r\n\r\necho \"All directories created successfully.\"",
            "contentPath": null,
            "contentRef": null,
            "repository": null
        },
        "credential": {
            "type": "local"
        }
    }
}