{
    "task": {
        "name": "SAP HANA database task",
        "code": "installSAPHANA",
        "visibility": "private",
        "taskType": {
            "code": "ansibleTask",
            "name": "Ansible Playbook"
        },
        "labels": [],
        "taskOptions": {
            "port": null,
            "ansibleGitRef": null,
            "ansiblePlaybook": "sap-hana-install.yml",
            "host": null,
            "sshKey": null,
            "ansibleSkipTags": null,
            "localScriptGitRef": null,
            "username": null,
            "ansibleTags": null,
            "ansibleGitId": "5",
            "ansibleOptions": "--user root --extra-vars '{\"ansible_python_interpreter\":\"<%= customOptions.ansible_python_interpreter %>\",\"sap_hana_install_master_password\":\"<%= customOptions.sap_hana_install_master_password %>\",\"sap_hana_install_software_extract_directory\":\"<%= customOptions.sap_hana_install_software_extract_directory %>\",\"sap_hana_install_software_directory\":\"<%= customOptions.sap_hana_install_software_extract_directory %>\",\"sap_hana_install_sid\":\"<%= customOptions.sap_hana_install_sid %>\",\"sap_hana_install_instance_number\":\"<%= customOptions.sap_hana_install_instance_number %>\"}'",
            "password": null,
            "passwordHash": null
        },
        "resultType": null,
        "executeTarget": "resource",
        "retryable": false,
        "retryCount": 5,
        "retryDelaySeconds": 10,
        "file": null,
        "credential": {
            "type": "local"
        }
    }
}