{
    "task": {
        "name": "Create SAP HANA directories",
        "code": "createSAPHANAdirs",
        "visibility": "private",
        "taskType": {
            "code": "script",
            "name": "Shell Script"
        },
        "labels": [],
        "taskOptions": {
            "password": null,
            "passwordHash": null,
            "host": null,
            "sshKey": null,
            "username": null,
            "shell.sudo": "on",
            "localScriptGitRef": null,
            "port": null
        },
        "resultType": null,
        "executeTarget": "resource",
        "retryable": false,
        "retryCount": 5,
        "retryDelaySeconds": 10,
        "file": {
            "sourceType": "local",
            "content": "#!/bin/bash\r\n\r\n_exit_on_error() {\r\n  local error_message=\"$1\"\r\n  echo \"Error: $error_message\" >&2\r\n  exit 1\r\n}\r\n\r\n# Function to retrieve configured memory size\r\nget_configured_memory() {\r\n  local configured_mem\r\n  configured_mem=$(sudo dmidecode -t memory | grep -i \"Size\" | grep -v \"No Module Installed\" | awk '{sum += $2} END {print sum}')\r\n  if [[ -z \"$configured_mem\" ]]; then\r\n    _exit_on_error \"Unable to retrieve configured memory information from dmidecode.\"\r\n  fi\r\n  echo \"$configured_mem\"\r\n}\r\n\r\n# Function to calculate volume sizes based on sap_hana_sizing\r\ncalculate_volume_sizes() {\r\n  local sap_hana_sizing=\"$1\"\r\n  local configured_mem=\"$2\"\r\n  local -n volume_sizes_ref=\"$3\"\r\n\r\n  case \"$sap_hana_sizing\" in\r\n    \"default\")\r\n      volume_sizes_ref[\"hana_data\"]=$((configured_mem * 3))\r\n      volume_sizes_ref[\"hana_log\"]=$((configured_mem))\r\n      volume_sizes_ref[\"hana_shared\"]=$((configured_mem))\r\n      ;;\r\n    \"dual_purpose\")\r\n      volume_sizes_ref[\"hana_data\"]=$((configured_mem))\r\n      volume_sizes_ref[\"hana_log\"]=$((configured_mem))\r\n      volume_sizes_ref[\"hana_shared\"]=$((configured_mem))\r\n      ;;\r\n    \"custom\")\r\n      volume_sizes_ref[\"hana_data\"]=\"<%= customOptions.sap_hana_lvm_hana_data %>\"\r\n      volume_sizes_ref[\"hana_log\"]=\"<%= customOptions.sap_hana_lvm_hana_log %>\"\r\n      volume_sizes_ref[\"hana_shared\"]=\"<%= customOptions.sap_hana_lvm_hana_shared %>\"\r\n      ;;\r\n    *)\r\n      _exit_on_error \"Invalid value for sap_hana_sizing. Allowed values are 'default', 'dual_purpose', or 'custom'.\"\r\n      ;;\r\n  esac\r\n}\r\n\r\n# Function to identify available disks and calculate free space\r\nidentify_available_disks() {\r\n  local -n disk_space_ref=\"$1\"\r\n\r\n  # Identify the root filesystem device\r\n  root_device=$(findmnt -n -o SOURCE /)\r\n  root_disk=$(lsblk -no PKNAME \"$root_device\")\r\n\r\n  # Get a list of all attached disks, excluding the root disk and sr0 devices\r\n  disks=$(lsblk -dn -o NAME | grep -v \"^$root_disk\" | grep -v \"^sr0\" | awk '{print \"/dev/\"$1}')\r\n  if [[ -z \"$disks\" ]]; then\r\n    _exit_on_error \"No additional disks found (excluding root disk: /dev/$root_disk).\"\r\n  fi\r\n\r\n  # Calculate available space on each disk\r\n  for disk in $disks; do\r\n    size_bytes=$(lsblk -dn -o SIZE -b \"$disk\")\r\n    if [[ -z \"$size_bytes\" ]]; then\r\n      _exit_on_error \"Failed to retrieve size for disk $disk.\"\r\n    fi\r\n\r\n    partitions=$(lsblk -dn -o NAME \"$disk\" | grep -v \"^$(basename $disk)$\")\r\n    if [[ -n \"$partitions\" ]]; then\r\n      used_space_bytes=$(lsblk -dn -o SIZE -b $partitions | awk '{sum += $1} END {print sum}')\r\n      free_space_bytes=$((size_bytes - used_space_bytes))\r\n    else\r\n      free_space_bytes=$size_bytes\r\n    fi\r\n\r\n    free_space_gb=$((free_space_bytes / (1024 * 1024 * 1024)))\r\n    disk_space_ref[\"$disk\"]=$free_space_gb\r\n  done\r\n}\r\n\r\n# Function to allocate volumes to disks\r\nallocate_volumes_to_disks() {\r\n  local -n volume_sizes_ref=\"$1\"\r\n  local -n disk_space_ref=\"$2\"\r\n  local -n volume_allocation_ref=\"$3\"\r\n\r\n  for volume in \"${!volume_sizes_ref[@]}\"; do\r\n    vol_size=${volume_sizes_ref[$volume]}\r\n    allocated=0\r\n    for disk in \"${!disk_space_ref[@]}\"; do\r\n      if [[ ${disk_space_ref[$disk]} -ge $vol_size ]]; then\r\n        volume_allocation_ref[\"$volume\"]=$disk\r\n        disk_space_ref[\"$disk\"]=$((disk_space_ref[$disk] - vol_size))\r\n        allocated=1\r\n        break\r\n      fi\r\n    done\r\n    if [[ $allocated -eq 0 ]]; then\r\n      _exit_on_error \"Not enough space to allocate volume '$volume' (${vol_size} GB).\"\r\n    fi\r\n  done\r\n}\r\n\r\n# Function to partition the disk and retrieve the partition\r\npartition_disk() {\r\n  local disk=\"$1\"\r\n\r\n  # Check for existing partition\r\n  partition=$(lsblk -ln -o NAME \"$disk\" | grep -E \"^$(basename $disk)[0-9]+$\" | tail -n 1)\r\n  if [[ -z \"$partition\" ]]; then\r\n    echo \"No partition found on $disk. Creating a new partition...\" >&2\r\n    sudo sgdisk -a1 -n1:2048:0 -t1:8e00 \"$disk\" >/dev/null 2>&1\r\n\r\n    # Re-read the partition table\r\n    sudo partprobe \"$disk\"\r\n    sleep 5\r\n\r\n    # Retrieve the newly created partition\r\n    partition=$(lsblk -ln -o NAME \"$disk\" | grep -E \"^$(basename $disk)[0-9]+$\" | tail -n 1)\r\n    partition=\"/dev/$partition\"\r\n    [ -z \"$partition\" ] && _exit_on_error \"Disk partition not available.\"\r\n    echo \"New partition created: $partition\" >&2\r\n  else\r\n    partition=\"/dev/$partition\"\r\n    echo \"Using existing partition: $partition\" >&2\r\n  fi\r\n\r\n  # Output only the partition name\r\n  echo \"$partition\"\r\n}\r\n# Function to extend the volume group if necessary\r\nextend_volume_group() {\r\n  local vg_name=\"$1\"\r\n  local partition=\"$2\"\r\n\r\n  if sudo vgdisplay \"$vg_name\" &>/dev/null; then\r\n    echo \"Volume group '$vg_name' already exists. Checking if the partition is part of the volume group...\"\r\n    if ! sudo pvs --noheadings -o pv_name,vg_name | grep -q \"$partition.*$vg_name\"; then\r\n      echo \"Partition '$partition' is not part of the volume group '$vg_name'. Extending the volume group...\"\r\n      if ! vgextend \"$vg_name\" \"$partition\"; then\r\n        _exit_on_error \"Failed to extend volume group $vg_name with partition $partition\"\r\n      fi\r\n    else\r\n      echo \"Partition '$partition' is already part of the volume group '$vg_name'.\"\r\n    fi\r\n  else\r\n    echo \"Creating volume group '$vg_name' with partition '$partition'...\"\r\n    if ! vgcreate -fy \"$vg_name\" \"$partition\"; then\r\n      _exit_on_error \"Failed to create volume group $vg_name on $partition\"\r\n    fi\r\n  fi\r\n}\r\n# Function to create a logical volume\r\ncreate_logical_volume() {\r\n  local vg_name=\"$1\"\r\n  local lv_name=\"$2\"\r\n  local vol_size=\"$3\"\r\n\r\n  if sudo lvdisplay \"/dev/$vg_name/$lv_name\" &>/dev/null; then\r\n    echo \"Logical volume '$lv_name' already exists in volume group '$vg_name'. Skipping...\"\r\n  else\r\n    echo \"Creating logical volume '$lv_name' with size ${vol_size}G in volume group '$vg_name'...\"\r\n    if ! lvcreate -L \"${vol_size}G\" -n \"$lv_name\" \"$vg_name\"; then\r\n      _exit_on_error \"Failed to create logical volume $lv_name in $vg_name\"\r\n    fi\r\n  fi\r\n}\r\n\r\n# Function to format and mount the logical volume\r\nformat_and_mount_logical_volume() {\r\n  local vg_name=\"$1\"\r\n  local lv_name=\"$2\"\r\n  local mount_point=\"$3\"\r\n\r\n  if sudo blkid \"/dev/$vg_name/$lv_name\" &>/dev/null; then\r\n    echo \"Filesystem already exists on '/dev/$vg_name/$lv_name'. Skipping...\"\r\n  else\r\n    echo \"Creating filesystem for logical volume '$lv_name'...\"\r\n    if ! mkfs.xfs \"/dev/$vg_name/$lv_name\" >/dev/null 2>&1; then\r\n      _exit_on_error \"Failed to create filesystem for $lv_name\"\r\n    fi\r\n  fi\r\n\r\n  if findmnt -rn -o TARGET \"/dev/$vg_name/$lv_name\" &>/dev/null; then\r\n    echo \"Logical volume '/dev/$vg_name/$lv_name' is already mounted. Skipping...\"\r\n  else\r\n    echo \"Mounting logical volume '/dev/$vg_name/$lv_name' at '$mount_point'...\"\r\n    mkdir -p \"$mount_point\"\r\n    if ! mount \"/dev/$vg_name/$lv_name\" \"$mount_point\"; then\r\n      _exit_on_error \"Failed to mount $lv_name at $mount_point\"\r\n    fi\r\n    if ! grep -q \"/dev/$vg_name/$lv_name\" /etc/fstab; then\r\n      echo \"/dev/$vg_name/$lv_name  $mount_point  xfs  defaults  0  0\" >> /etc/fstab\r\n    fi\r\n  fi\r\n}\r\n\r\n# Main script execution\r\necho \"Starting volume and disk analysis...\"\r\n\r\n# Step 1: Check if required mount points are already mounted\r\nsap_hana_sid=\"<%= customOptions.sap_hana_install_sid %>\"\r\ndeclare -A mount_points\r\nmount_points[\"hana_data\"]=\"/hana/data/$sap_hana_sid\"\r\nmount_points[\"hana_log\"]=\"/hana/log/$sap_hana_sid\"\r\nmount_points[\"hana_shared\"]=\"/hana/shared/$sap_hana_sid\"\r\n\r\nall_mounts_exist=true\r\nfor mount_point in \"${mount_points[@]}\"; do\r\n  if ! mount | grep -q \"on $mount_point \"; then\r\n    all_mounts_exist=false\r\n    break\r\n  fi\r\ndone\r\n\r\nif $all_mounts_exist; then\r\n  echo \"All required mount points are already mounted. Exiting script.\"\r\n  exit 0\r\nfi\r\n\r\n# Step 2: Retrieve configured memory size\r\nconfigured_mem=$(get_configured_memory)\r\n\r\n# Step 3: Calculate volume sizes\r\n#sap_hana_sizing=\"dual_purpose\"\r\nsap_hana_sizing=\"<%= customOptions.sap_hana_sizing %>\"\r\ndeclare -A volume_sizes\r\ncalculate_volume_sizes \"$sap_hana_sizing\" \"$configured_mem\" volume_sizes\r\n\r\n# Step 4: Identify available disks and calculate free space\r\ndeclare -A disk_space\r\nidentify_available_disks disk_space\r\n\r\n# Step 5: Allocate volumes to disks\r\ndeclare -A volume_allocation\r\nallocate_volumes_to_disks volume_sizes disk_space volume_allocation\r\n\r\necho \"Planned Volume Allocation:\"\r\nfor volume in \"${!volume_allocation[@]}\"; do\r\n  disk=${volume_allocation[$volume]}\r\n  echo \"  Volume: $volume, Disk: $disk\"\r\ndone\r\n\r\n\r\n# Step 6: Create and mount volumes\r\necho \"Starting volume creation process...\"\r\nfor volume in \"${!volume_allocation[@]}\"; do\r\n  disk=${volume_allocation[$volume]}\r\n  mount_point=${mount_points[$volume]}\r\n  vg_name=\"sapdata\"\r\n  lv_name=\"${volume}\"\r\n  vol_size=${volume_sizes[$volume]}\r\n\r\n  echo \"Processing volume '$lv_name' with size ${vol_size}G on disk $disk...\"\r\n\r\n  partition=$(partition_disk \"$disk\")\r\n  extend_volume_group \"$vg_name\" \"$partition\"\r\n  create_logical_volume \"$vg_name\" \"$lv_name\" \"$vol_size\"\r\n  format_and_mount_logical_volume \"$vg_name\" \"$lv_name\" \"$mount_point\"\r\n\r\n  echo \"Logical volume '$lv_name' processed successfully.\"\r\ndone\r\n\r\necho \"Volume creation process completed successfully.\"\r\n\r\n",
            "contentPath": null,
            "contentRef": null,
            "repository": null
        },
        "credential": {
            "type": "local"
        }
    }
}