{
    "task": {
        "name": "Get SAP HANA backup parameter",
        "code": "getSAPHANAbackupparameter",
        "visibility": "private",
        "taskType": {
            "code": "script",
            "name": "Shell Script"
        },
        "labels": [],
        "taskOptions": {
            "host": null,
            "username": null,
            "shell.sudo": null,
            "password": null,
            "passwordHash": null,
            "sshKey": null,
            "localScriptGitRef": null,
            "port": null
        },
        "resultType": "keyValue",
        "executeTarget": "resource",
        "retryable": false,
        "retryCount": 5,
        "retryDelaySeconds": 10,
        "file": {
            "sourceType": "local",
            "content": "#!/bin/bash\r\nsap_hana_restore=\"<%= results.getSAPHANArestore %>\"\r\n\r\nif [[ \"$sap_hana_restore\" == \"false\" ]]; then\r\n  exit 0\r\nfi\r\n\r\nbackup_location=\"<%= customOptions.sap_swpm_backup_location %>\"\r\n\r\n# Check if directory exists\r\nif [[ ! -d \"$backup_location\" ]]; then\r\n  echo \"Error: Directory '$backup_location' does not exist.\"\r\n  exit 1\r\nfi\r\n\r\n# Find the first rootkeys file and extract its prefix\r\nrootkeys_file=$(find \"$backup_location\" -maxdepth 1 -type f -name '*rootkeys' | head -n 1)\r\nif [[ -z \"$rootkeys_file\" ]]; then\r\n  echo \"Error: No rootkeys file found in '$backup_location'.\"\r\n  exit 1\r\nfi\r\nrootkeys_filename=$(basename \"$rootkeys_file\")\r\nrootkeys_prefix=\"${rootkeys_filename%_rootkeys*}\"\r\n\r\n\r\n# Find the first databackup file and extract its prefix\r\ndatabackup_file=$(find \"$backup_location\" -maxdepth 1 -type f -name '*databackup_*' | head -n 1)\r\nif [[ -z \"$databackup_file\" ]]; then\r\n  echo \"Error: No databackup file found in '$backup_location'.\"\r\n  exit 1\r\nfi\r\ndatabackup_filename=$(basename \"$databackup_file\")\r\ndatabackup_prefix=\"${databackup_filename%%databackup_*}\"\r\n# Remove trailing underscore if present\r\ndatabackup_prefix=\"${databackup_prefix%_}\"\r\necho \",sap_hana_backup_rootkeys_filename=$rootkeys_prefix,sap_swpm_backup_prefix=$databackup_prefix,\" ",
            "contentPath": null,
            "contentRef": null,
            "repository": null
        },
        "credential": {
            "type": "local"
        }
    }
}