{
    "optionType": {
        "name": "Morpheus hostname",
        "description": "The Morpheus hostname including the domainname",
        "labels": [],
        "fieldName": "morpheus_hostname",
        "type": "text",
        "fieldLabel": "Morpheus hostname",
        "placeHolder": null,
        "verifyPattern": null,
        "defaultValue": null,
        "required": false,
        "exportMeta": false,
        "editable": false,
        "optionList": null,
        "isHidden": true,
        "dependsOnCode": null,
        "visibleOnCode": null,
        "requireOnCode": null
    }
}