{
    "optionType": {
        "name": "SAP HANA database version for RHEL9",
        "description": "Select the SAP HANA version for RHEL9 v1.0",
        "labels": [],
        "fieldName": "sap_hana_install_software_extract_directory",
        "type": "select",
        "fieldLabel": "SAP HANA Version for RHEL9",
        "placeHolder": null,
        "verifyPattern": null,
        "defaultValue": null,
        "required": true,
        "exportMeta": false,
        "editable": false,
        "optionList": {
            "name": "SAP HANA Version for RHEL9"
        },
        "isHidden": false,
        "dependsOnCode": null,
        "visibleOnCode": null,
        "requireOnCode": null
    }
}