{
    "optionType": {
        "name": "SAP APP Swap space",
        "description": "Defines the Swap size for a SAP Application system v1.1",
        "labels": [],
        "fieldName": "sap_app_swap_size",
        "type": "number",
        "fieldLabel": "Swap size in GB",
        "placeHolder": null,
        "verifyPattern": null,
        "defaultValue": null,
        "required": true,
        "exportMeta": false,
        "editable": false,
        "optionList": null,
        "isHidden": false,
        "dependsOnCode": null,
        "visibleOnCode": null,
        "requireOnCode": null
    }
}