{
    "optionType": {
        "name": "SAP media server type",
        "description": "List of mount options v1.0",
        "labels": [],
        "fieldName": "media_server_type",
        "type": "select",
        "fieldLabel": "Mount Option for SAP media share",
        "placeHolder": null,
        "verifyPattern": null,
        "defaultValue": null,
        "required": true,
        "exportMeta": false,
        "editable": false,
        "optionList": {
            "name": "SAP media type list"
        },
        "isHidden": true,
        "dependsOnCode": null,
        "visibleOnCode": null,
        "requireOnCode": null
    }
}