{
    "optionType": {
        "name": "SAP HANA SID",
        "description": "SAP HANA System ID v1.0",
        "labels": [],
        "fieldName": "sap_hana_install_sid",
        "type": "text",
        "fieldLabel": "SAP HANA SID",
        "placeHolder": null,
        "verifyPattern": "([A-Z][A-Z0-9]{2})",
        "defaultValue": null,
        "required": true,
        "exportMeta": false,
        "editable": false,
        "optionList": null,
        "isHidden": false,
        "dependsOnCode": null,
        "visibleOnCode": null,
        "requireOnCode": null
    }
}