{
    "task": {
        "name": "Conditional Task for SWPM scenario",
        "code": "conditionalSWPMtask",
        "visibility": "private",
        "taskType": {
            "code": "conditionalWorkflow",
            "name": "Conditional Workflow"
        },
        "labels": [],
        "taskOptions": {
            "ifOperationalWorkflowName": "SAP PAS restore",
            "elseOperationalWorkflowId": null,
            "elseOperationalWorkflowName": "SAP PAS install",
            "conditionalScript": "if (/^NW_ABAP_OneHost:.*\\.CP$/.test(results.getSAPSWPMinput.sap_swpm_product_catalog_id)) {\r\n    console.log(\"Continue with SAP system copy\");\r\n    return true;\r\n} else {\r\n    console.log(\"Continue with SAP standard installation\");\r\n    return false;\r\n}",
            "ifOperationalWorkflowId": null
        },
        "resultType": null,
        "executeTarget": "local",
        "retryable": false,
        "retryCount": 5,
        "retryDelaySeconds": 10,
        "file": null,
        "credential": {
            "type": "local"
        }
    }
}