{
    "task": {
        "name": "Configure Swap for SAP HANA or SAP application",
        "code": "configureSwapSAP",
        "visibility": "private",
        "taskType": {
            "code": "script",
            "name": "Shell Script"
        },
        "labels": [],
        "taskOptions": {
            "localScriptGitRef": null,
            "sshKey": null,
            "username": null,
            "shell.sudo": "on",
            "host": null,
            "password": null,
            "passwordHash": null,
            "port": null
        },
        "resultType": null,
        "executeTarget": "resource",
        "retryable": false,
        "retryCount": 5,
        "retryDelaySeconds": 10,
        "file": {
            "sourceType": "local",
            "content": "#!/bin/bash\r\n\r\n# Exit on error\r\nset -e\r\n\r\n_exit_on_error() {\r\n    echo \"ERROR: $1\" >&2\r\n    exit 1\r\n}\r\n\r\n# Cleanup function for failed swap creation\r\ncleanup_swap_file() {\r\n    if [[ -f \"$SWAP_FILE\" ]]; then\r\n        echo \"Cleaning up failed swap file: $SWAP_FILE\"\r\n        rm -f \"$SWAP_FILE\"\r\n    fi\r\n}\r\n\r\n################################################################################\r\n# Input Parameter Logic - Determine Scenario and Defaults\r\n################################################################################\r\n\r\n# Get parameters from Morpheus (ERB template syntax)\r\nHANA_SWAP_SIZE=\"<%= customOptions.sap_hana_swap_size %>\"\r\nAPP_SWAP_SIZE=\"<%= customOptions.sap_app_swap_size %>\"\r\n\r\n\r\n# Set customOptions\r\nHANA_SWAP_SIZE=\"<%= customOptions.sap_hana_swap_size %>\"\r\nAPP_SWAP_SIZE=\"<%= customOptions.sap_app_swap_size %>\"\r\n\r\n# Determine scenario based on which parameter is provided\r\nif [[ \"$HANA_SWAP_SIZE\" != \"null\" ]]; then\r\n    SCENARIO=\"HANA\"\r\n    TARGET_SWAP_GB=\"$HANA_SWAP_SIZE\"\r\n    SWAP_FILE_BASE=\"/swapfile_sap_hana\"\r\nelif [[ \"$APP_SWAP_SIZE\" != \"null\" ]]; then\r\n    SCENARIO=\"Application Server\"\r\n    TARGET_SWAP_GB=\"$APP_SWAP_SIZE\"\r\n    SWAP_FILE_BASE=\"/swapfile_sap_app\"\r\nelse\r\n    _exit_on_error \"Neither sap_hana_swap_size nor sap_app_swap_size provided.\"\r\nfi\r\n\r\n# Use default if parameter is empty\r\nif [[ -z \"$TARGET_SWAP_GB\" ]]; then\r\n    TARGET_SWAP_GB=$DEFAULT_SWAP_GB\r\n    echo \"No swap size specified, using default: ${TARGET_SWAP_GB} GB for SAP ${SCENARIO}\"\r\nelse\r\n    echo \"Creating SAP $SCENARIO swap space: ${TARGET_SWAP_GB} GB\"\r\nfi\r\n\r\n# Validate that TARGET_SWAP_GB is a positive integer\r\nif ! [[ \"$TARGET_SWAP_GB\" =~ ^[0-9]+$ ]] || [[ \"$TARGET_SWAP_GB\" -lt 1 ]]; then\r\n    _exit_on_error \"Invalid swap size: '$TARGET_SWAP_GB'. Must be a positive integer (GB).\"\r\nfi\r\n\r\n################################################################################\r\n# Main Script Logic\r\n################################################################################\r\n\r\n# Check if running as root\r\nif [[ $EUID -ne 0 ]]; then\r\n    _exit_on_error \"This script must be run as root\"\r\nfi\r\n\r\n# Get swap size with unit from free -h\r\nSWAP_LINE=$(free -h | awk '/^Swap:/ {print $2}')\r\n\r\necho \"Current swap: ${SWAP_LINE}\"\r\necho \"Target swap: ${TARGET_SWAP_GB} GB\"\r\n\r\n# Extract numeric value and unit\r\nSWAP_VALUE=$(echo \"$SWAP_LINE\" | sed 's/[^0-9.]//g')\r\nSWAP_UNIT=$(echo \"$SWAP_LINE\" | sed 's/[0-9.]//g')\r\n\r\n# Convert to GB for comparison (rounded to integer)\r\ncase \"$SWAP_UNIT\" in\r\n    Gi|G)\r\n        EXISTING_SWAP_GB=$(awk \"BEGIN {printf \\\"%.0f\\\", $SWAP_VALUE}\")\r\n        ;;\r\n    Mi|M)\r\n        EXISTING_SWAP_GB=$(awk \"BEGIN {printf \\\"%.0f\\\", $SWAP_VALUE / 1024}\")\r\n        ;;\r\n    Ki|K)\r\n        EXISTING_SWAP_GB=$(awk \"BEGIN {printf \\\"%.0f\\\", $SWAP_VALUE / 1048576}\")\r\n        ;;\r\n    B|*)\r\n        EXISTING_SWAP_GB=\"0\"\r\n        ;;\r\nesac\r\n\r\n# Compare using integer comparison\r\nif [[ $EXISTING_SWAP_GB -ge $TARGET_SWAP_GB ]]; then\r\n    echo \"Swap requirement already met (${EXISTING_SWAP_GB} GB >= ${TARGET_SWAP_GB} GB). Skipping.\"\r\n    exit 0\r\nfi\r\n\r\n# Calculate additional swap needed\r\nADDITIONAL_SWAP_GB=$((TARGET_SWAP_GB - EXISTING_SWAP_GB))\r\n\r\necho \"Need to create additional ${ADDITIONAL_SWAP_GB} GB swap\"\r\n\r\n# Validate ADDITIONAL_SWAP_GB is positive\r\nif [[ $ADDITIONAL_SWAP_GB -lt 1 ]]; then\r\n    _exit_on_error \"Calculated additional swap is invalid: ${ADDITIONAL_SWAP_GB} GB\"\r\nfi\r\n\r\n# Find next available swap file name (swapfile_sap_hana, swapfile_sap_hana_2, etc.)\r\nSWAP_FILE=\"$SWAP_FILE_BASE\"\r\nCOUNTER=2\r\nwhile [[ -f \"$SWAP_FILE\" ]]; do\r\n    # Check if this file is already active swap\r\n    if swapon --show | grep -q \"$SWAP_FILE\"; then\r\n        echo \"Swap file $SWAP_FILE already exists and is active. Looking for next available name...\"\r\n        SWAP_FILE=\"${SWAP_FILE_BASE}_${COUNTER}\"\r\n        COUNTER=$((COUNTER + 1))\r\n    else\r\n        # File exists but is not active - can be removed and reused\r\n        echo \"WARNING: Inactive swap file $SWAP_FILE found. Removing it...\"\r\n        rm -f \"$SWAP_FILE\"\r\n        break\r\n    fi\r\ndone\r\n\r\necho \"Creating additional ${ADDITIONAL_SWAP_GB} GB swap file: ${SWAP_FILE}\"\r\n\r\n# Check free space on root filesystem\r\nROOT_FREE_GB=$(df -BG / | awk 'NR==2 {print $4}' | sed 's/G//')\r\nREQUIRED_SPACE_GB=$((ADDITIONAL_SWAP_GB + 1))  # Add 1 GB buffer\r\n\r\nif [[ $ROOT_FREE_GB -lt $REQUIRED_SPACE_GB ]]; then\r\n    _exit_on_error \"Insufficient space on / (Available: ${ROOT_FREE_GB}GB, Required: ${REQUIRED_SPACE_GB}GB)\"\r\nfi\r\n\r\n# Detect filesystem type\r\nFS_TYPE=$(df -T / | awk 'NR==2 {print $2}')\r\necho \"Detected filesystem type: $FS_TYPE\"\r\n\r\n# Create swap file with filesystem-specific handling\r\necho \"Creating ${ADDITIONAL_SWAP_GB}GB swap file...\"\r\nSWAP_SIZE_BYTES=$((ADDITIONAL_SWAP_GB * 1024 * 1024 * 1024))\r\n\r\nif [[ \"$FS_TYPE\" == \"btrfs\" ]]; then\r\n    echo \"Btrfs detected - using special handling for swap file...\"\r\n    \r\n    # Create empty file\r\n    if ! touch \"$SWAP_FILE\"; then\r\n        cleanup_swap_file\r\n        _exit_on_error \"Failed to create swap file\"\r\n    fi\r\n    \r\n    # Disable Copy-on-Write (required for Btrfs swap)\r\n    if ! chattr +C \"$SWAP_FILE\"; then\r\n        cleanup_swap_file\r\n        _exit_on_error \"Failed to disable CoW on swap file\"\r\n    fi\r\n    \r\n    # Use fallocate (works on Btrfs after disabling CoW)\r\n    if ! fallocate -l ${SWAP_SIZE_BYTES} \"$SWAP_FILE\"; then\r\n        cleanup_swap_file\r\n        _exit_on_error \"Failed to allocate swap file\"\r\n    fi\r\nelse\r\n    # For ext4, xfs, and other filesystems - try fallocate first, fall back to dd\r\n    if command -v fallocate >/dev/null 2>&1; then\r\n        echo \"Using fallocate for allocation...\"\r\n        if ! fallocate -l ${SWAP_SIZE_BYTES} \"$SWAP_FILE\" 2>/dev/null; then\r\n            echo \"fallocate failed, falling back to dd...\"\r\n            if ! dd if=/dev/zero of=\"$SWAP_FILE\" bs=1M count=$((ADDITIONAL_SWAP_GB * 1024)) status=progress 2>&1; then\r\n                cleanup_swap_file\r\n                _exit_on_error \"Failed to create swap file with dd\"\r\n            fi\r\n        fi\r\n    else\r\n        echo \"Using dd for allocation...\"\r\n        if ! dd if=/dev/zero of=\"$SWAP_FILE\" bs=1M count=$((ADDITIONAL_SWAP_GB * 1024)) status=progress 2>&1; then\r\n            cleanup_swap_file\r\n            _exit_on_error \"Failed to create swap file with dd\"\r\n        fi\r\n    fi\r\nfi\r\n\r\n# Set permissions\r\nif ! chmod 600 \"$SWAP_FILE\"; then\r\n    cleanup_swap_file\r\n    _exit_on_error \"Failed to set permissions on swap file\"\r\nfi\r\n\r\n# Format as swap\r\nif ! mkswap \"$SWAP_FILE\"; then\r\n    cleanup_swap_file\r\n    _exit_on_error \"Failed to format swap file\"\r\nfi\r\n\r\n# Enable swap\r\nif ! swapon \"$SWAP_FILE\"; then\r\n    cleanup_swap_file\r\n    _exit_on_error \"Failed to enable swap file\"\r\nfi\r\n\r\n# Add to /etc/fstab for persistence\r\nif ! grep -q \"$SWAP_FILE\" /etc/fstab; then\r\n    echo \"$SWAP_FILE none swap defaults 0 0\" >> /etc/fstab\r\n    echo \"Added swap file to /etc/fstab for persistence\"\r\nelse\r\n    echo \"Swap file already in /etc/fstab\"\r\nfi\r\n\r\n# Verify\r\nFINAL_SWAP=$(free -h | awk '/^Swap:/ {print $2}')\r\necho \"Swap creation completed successfully\"\r\necho \"Total swap now: ${FINAL_SWAP}\"\r\nswapon --show",
            "contentPath": null,
            "contentRef": null,
            "repository": null
        },
        "credential": {
            "type": "local"
        }
    }
}