{
    "task": {
        "name": "Prepare hosts file v.1.1",
        "code": "prepareetchostorcloudinit",
        "visibility": "private",
        "taskType": {
            "code": "script",
            "name": "Shell Script"
        },
        "labels": [],
        "taskOptions": {
            "password": null,
            "passwordHash": null,
            "shell.sudo": "on",
            "username": null,
            "sshKey": null,
            "localScriptGitRef": null,
            "port": null,
            "host": null
        },
        "resultType": null,
        "executeTarget": "resource",
        "retryable": false,
        "retryCount": 5,
        "retryDelaySeconds": 10,
        "file": {
            "sourceType": "local",
            "content": "#!/bin/bash\r\n\r\nmodify_etc_hosts() {\r\n    echo \"Setting up /etc/hosts\"\r\n    # Detect FQDN, hostname, and IP from eth0\r\n    fqdn=$(hostname -f)\r\n    short_hostname=$(hostname -s)\r\n    current_hostname=$(hostname)\r\n    ip_eth0=$(ip -4 addr show eth0 2>/dev/null | awk '/inet / {print $2}' | cut -d/ -f1)\r\n    \r\n    if [ -z \"$ip_eth0\" ]; then\r\n        echo \"ERROR: Could not detect IP address for eth0\"\r\n        return 1\r\n    fi\r\n    \r\n    # Backup /etc/hosts (only if not already backed up)\r\n    if [ ! -f /etc/hosts.bak ]; then\r\n        cp /etc/hosts /etc/hosts.bak\r\n        echo \"Backup created: /etc/hosts.bak\"\r\n    else\r\n        echo \"Backup already exists: /etc/hosts.bak\"\r\n    fi\r\n    \r\n    # Remove any line starting with 127.x.x.x and containing the hostname\r\n    if grep -Eq \"^127\\.[0-9]+\\.[0-9]+\\.[0-9]+\\s.*$short_hostname\" /etc/hosts; then\r\n        echo \"Found 127.x.x.x lines with $short_hostname. Removing them.\"\r\n        sed -i -E \"/^127\\.[0-9]+\\.[0-9]+\\.[0-9]+\\s.*$short_hostname/d\" /etc/hosts\r\n    else\r\n        echo \"No 127.x.x.x lines with $short_hostname found.\"\r\n    fi\r\n    \r\n    # Ensure 127.0.0.1 localhost exists\r\n    if ! grep -Eq \"^127\\.0\\.0\\.1\\s+.*localhost\" /etc/hosts; then\r\n        echo \"No 127.0.0.1 localhost entry found. Adding default.\"\r\n        sed -i \"1i127.0.0.1   localhost localhost.localdomain\" /etc/hosts\r\n    else\r\n        echo \"127.0.0.1 localhost entry exists - preserved.\"\r\n    fi\r\n    \r\n    # Add the IP, FQDN, and hostname line if not already present\r\n    host_entry=\"$ip_eth0  $fqdn  $short_hostname\"\r\n    if grep -qF \"$host_entry\" /etc/hosts; then\r\n        echo \"Entry '$host_entry' already exists in /etc/hosts. No action taken.\"\r\n    else\r\n        echo \"Adding entry '$host_entry' to /etc/hosts.\"\r\n        echo \"$host_entry\" >> /etc/hosts\r\n    fi\r\n    \r\n    if [[ \"$current_hostname\" == \"$fqdn\" ]]; then\r\n        echo \"Current hostname and FQDN are equal: $current_hostname\"\r\n        echo \"Setting hostname to short hostname: $short_hostname\"\r\n    \r\n        # Set hostname immediately (systemd-based systems)\r\n        hostnamectl set-hostname \"$short_hostname\"\r\n    \r\n        # Ensure /etc/hostname is updated (for legacy compatibility)\r\n        echo \"$short_hostname\" > /etc/hostname\r\n    \r\n        echo \"Hostname changed to $short_hostname\"\r\n    else\r\n        echo \"No change needed. Hostname ($current_hostname) and FQDN ($fqdn) are not equal.\"\r\n    fi\r\n    \r\n    # Add additional IPs and hostnames from Morpheus variables\r\n    add_additional_hosts \"/etc/hosts\"\r\n    \r\n    echo \"/etc/hosts modification check completed.\"\r\n    return 0\r\n}\r\n\r\nmodify_cloud_template() {\r\n    local template_file=\"$1\"\r\n    \r\n    echo \"Modifying cloud-init template: $template_file\"\r\n    \r\n    # Check if template file exists\r\n    if [ ! -f \"$template_file\" ]; then\r\n        echo \"ERROR: Template file does not exist: $template_file\"\r\n        return 1\r\n    fi\r\n    \r\n    # Backup template file (only if not already backed up)\r\n    if [ ! -f \"${template_file}.bak\" ]; then\r\n        cp \"$template_file\" \"${template_file}.bak\"\r\n        echo \"Backup created: ${template_file}.bak\"\r\n    else\r\n        echo \"Backup already exists: ${template_file}.bak\"\r\n    fi\r\n    \r\n    # Comment out any loopback address (127.x.x.x) line with {{fqdn}} or {{hostname}}\r\n    if grep -Eq \"^127\\.[0-9]+\\.[0-9]+\\.[0-9]+\\s.*(\\{\\{fqdn\\}\\}|\\{\\{hostname\\}\\})\" \"$template_file\"; then\r\n        echo \"Commenting out loopback lines (127.x.x.x) containing {{fqdn}} or {{hostname}} in template.\"\r\n        sed -i -E 's/^(127\\.[0-9]+\\.[0-9]+\\.[0-9]+\\s.*(\\{\\{fqdn\\}\\}|\\{\\{hostname\\}\\}))/#\\1/' \"$template_file\"\r\n    else\r\n        echo \"No uncommented loopback lines (127.x.x.x) with {{fqdn}}/{{hostname}} found - already modified or not present.\"\r\n    fi\r\n    \r\n    local ip_eth0=$(ip -4 addr show eth0 2>/dev/null | awk '/inet / {print $2}' | cut -d/ -f1)\r\n    if [ -n \"$ip_eth0\" ]; then\r\n        local host_template_entry=\"$ip_eth0 {{fqdn}} {{hostname}}\"\r\n        if grep -qF \"$host_template_entry\" \"$template_file\"; then\r\n            echo \"Entry '$host_template_entry' already exists in template.\"\r\n        else\r\n            echo \"Adding entry '$host_template_entry' to template.\"\r\n            # Insert after the commented loopback line\r\n            sed -i \"/^#127\\.0\\.1\\.1.*{{fqdn}}/a $host_template_entry\" \"$template_file\"\r\n        fi\r\n    else\r\n        echo \"WARNING: Could not detect IP address for eth0. Skipping hostname template entry.\"\r\n    fi\r\n    \r\n    # Comment out IPv6 loopback entry with {{fqdn}} or {{hostname}}\r\n    if grep -Eq \"^::1\\s.*(\\{\\{fqdn\\}\\}|\\{\\{hostname\\}\\})\" \"$template_file\"; then\r\n        echo \"Commenting out IPv6 loopback lines (::1) containing {{fqdn}} or {{hostname}} in template.\"\r\n        sed -i -E 's/^(::1\\s.*(\\{\\{fqdn\\}\\}|\\{\\{hostname\\}\\}))/#\\1/' \"$template_file\"\r\n    else\r\n        echo \"No uncommented IPv6 loopback lines with {{fqdn}}/{{hostname}} found - already modified or not present.\"\r\n    fi\r\n    \r\n    # Ensure 127.0.0.1 localhost exists in template\r\n    if ! grep -Eq \"^127\\.0\\.0\\.1\\s+.*localhost\" \"$template_file\"; then\r\n        echo \"No 127.0.0.1 localhost entry in template. Adding default.\"\r\n        sed -i \"1i127.0.0.1   localhost localhost.localdomain\" \"$template_file\"\r\n    else\r\n        echo \"127.0.0.1 localhost entry exists in template - preserved.\"\r\n    fi\r\n    \r\n    # Add additional IPs and hostnames from Morpheus variables to template\r\n    add_additional_hosts \"$template_file\"\r\n    \r\n    echo \"Cloud-init template modification completed.\"\r\n    echo \"Regenerating /etc/hosts from template...\"\r\n    \r\n    if cloud-init single --name update_etc_hosts; then\r\n        echo \"Successfully regenerated /etc/hosts\"\r\n        return 0\r\n    else\r\n        echo \"WARNING: cloud-init command failed. /etc/hosts may not be updated.\"\r\n        return 1\r\n    fi\r\n}\r\n\r\nadd_additional_hosts() {\r\n    local target_file=\"$1\"\r\n    \r\n    if [ ! -f \"$target_file\" ]; then\r\n        echo \"ERROR: Target file does not exist: $target_file\"\r\n        return 1\r\n    fi\r\n    \r\n    ipaddress=\"<%=instance.apps.instances.container.server.internalIp%>\"\r\n    ipaddress2=\"$(echo $ipaddress | tr -d [ | tr -d ] | tr -d ,)\"\r\n    ipaddress_array=($ipaddress2)\r\n    echo \"IP Address(es): $ipaddress\"\r\n    \r\n    hostname=\"<%=instance.apps.instances.container.server.hostname%>\"\r\n    hostname=\"$(echo $hostname | tr -d [ | tr -d ] | tr -d ,)\"\r\n    hostname_array=($hostname)\r\n    \r\n    domain_name=\"$(hostname -d)\"\r\n    length=${#hostname_array[@]}\r\n    \r\n    for (( j=0; j<length; j++ ));\r\n    do\r\n      grep -q \"${ipaddress_array[j]} ${hostname_array[j]}.${domain_name} ${hostname_array[j]}\" \"$target_file\" && echo \"Entry for IP ${ipaddress_array[j]} already exists in $target_file\" || echo \"${ipaddress_array[j]} ${hostname_array[j]}.${domain_name} ${hostname_array[j]}\" >> \"$target_file\"\r\n    done\r\n    \r\n    return 0\r\n}\r\n\r\ndetect_cloud_template() {\r\n    local template_file=\"\"\r\n    \r\n    echo \"Detecting cloud-init template file...\" >&2\r\n    \r\n    # Option 1: Try to extract template filename from /etc/hosts header\r\n    if [ -f /etc/hosts ]; then\r\n        template_file=$(grep -m1 \"master file in /etc/cloud/templates/\" /etc/hosts 2>/dev/null | sed -n 's|.*master file in \\(/etc/cloud/templates/[^ ]*\\).*|\\1|p')\r\n        if [ -n \"$template_file\" ] && [ -f \"$template_file\" ]; then\r\n            echo \"Template file detected from /etc/hosts header: $template_file\" >&2\r\n            echo \"$template_file\"\r\n            return 0\r\n        fi\r\n    fi\r\n    \r\n    # Option 2: Use OS detection from /etc/os-release\r\n    if [ -f /etc/os-release ]; then\r\n        echo \"Template not found in /etc/hosts header, using OS detection...\" >&2\r\n        . /etc/os-release\r\n        echo \"Detected OS: $ID (Pretty name: $PRETTY_NAME)\" >&2\r\n        \r\n        case \"$ID\" in\r\n            sles|sles_sap|suse)\r\n                template_file=\"/etc/cloud/templates/hosts.suse.tmpl\"\r\n                echo \"SUSE-based system detected, using: $template_file\" >&2\r\n                ;;\r\n            rhel|redhat)\r\n                template_file=\"/etc/cloud/templates/hosts.redhat.tmpl\"\r\n                echo \"Red Hat-based system detected, using: $template_file\" >&2\r\n                ;;\r\n            *)\r\n                echo \"WARNING: Unsupported distribution ID: $ID\" >&2\r\n                echo \"This script only supports SLES/SUSE and RHEL/Red Hat Enterprise Linux.\" >&2\r\n                template_file=\"\"\r\n                ;;\r\n        esac\r\n        \r\n        # Verify the detected template file exists\r\n        if [ -n \"$template_file\" ] && [ -f \"$template_file\" ]; then\r\n            echo \"Verified template file exists: $template_file\" >&2\r\n            echo \"$template_file\"\r\n            return 0\r\n        elif [ -n \"$template_file\" ]; then\r\n            echo \"ERROR: Template file does not exist: $template_file\" >&2\r\n            template_file=\"\"\r\n        fi\r\n    fi\r\n    \r\n    # If we get here, detection failed\r\n    echo \"\"\r\n    return 1\r\n}\r\n\r\n# Main execution logic\r\nif [ -f /etc/cloud/cloud.cfg ]; then\r\n    echo \"Cloud-init configuration found at /etc/cloud/cloud.cfg\"\r\n    \r\n    # Check if manage_etc_hosts is set to true (case-insensitive)\r\n    if grep -Eq \"^manage_etc_hosts:\\s*(true|True|TRUE)\" /etc/cloud/cloud.cfg; then\r\n        echo \"Cloud-init manage_etc_hosts is enabled. Will modify template file.\"\r\n        \r\n        # Detect the correct template file\r\n        TEMPLATE_FILE=$(detect_cloud_template)\r\n        \r\n        if [ -n \"$TEMPLATE_FILE\" ] && [ -f \"$TEMPLATE_FILE\" ]; then\r\n            if modify_cloud_template \"$TEMPLATE_FILE\"; then\r\n                echo \"Template modification successful\"\r\n            else\r\n                echo \"ERROR: Template modification failed\"\r\n                exit 1\r\n            fi\r\n        else\r\n            echo \"ERROR: Could not detect or find cloud-init template file!\"\r\n            echo \"Checked:\"\r\n            echo \"  1. /etc/hosts header for template reference\"\r\n            echo \"  2. /etc/os-release for OS-specific template\"\r\n            echo \"Supported systems:\"\r\n            echo \"  - SLES/SUSE: /etc/cloud/templates/hosts.suse.tmpl\"\r\n            echo \"  - RHEL/Red Hat: /etc/cloud/templates/hosts.redhat.tmpl\"\r\n            exit 1\r\n        fi\r\n    else\r\n        echo \"Cloud-init manage_etc_hosts is disabled or not set to true. Modifying /etc/hosts directly.\"\r\n        if ! modify_etc_hosts; then\r\n            echo \"ERROR: /etc/hosts modification failed\"\r\n            exit 1\r\n        fi\r\n    fi\r\nelse\r\n    echo \"Cloud-init not detected (no /etc/cloud/cloud.cfg file). Modifying /etc/hosts directly.\"\r\n    if ! modify_etc_hosts; then\r\n        echo \"ERROR: /etc/hosts modification failed\"\r\n        exit 1\r\n    fi\r\nfi\r\n\r\necho \"Script completed successfully.\"",
            "contentPath": null,
            "contentRef": null,
            "repository": null
        },
        "credential": {
            "type": "local"
        }
    }
}