{
    "task": {
        "name": "Provide SAP installation media v1.1",
        "code": "mountSAPmediaserver",
        "visibility": "private",
        "taskType": {
            "code": "script",
            "name": "Shell Script"
        },
        "labels": [],
        "taskOptions": {
            "username": null,
            "shell.sudo": "on",
            "localScriptGitRef": null,
            "sshKey": null,
            "port": null,
            "password": null,
            "passwordHash": null,
            "host": null
        },
        "resultType": null,
        "executeTarget": "resource",
        "retryable": false,
        "retryCount": 5,
        "retryDelaySeconds": 10,
        "file": {
            "sourceType": "local",
            "content": "#!/bin/bash\r\n\r\n# Input section\r\nsap_media_folder=\"<%= customOptions.sap_media_folder %>\"\r\nmedia_server_type=\"<%= customOptions.media_server_type %>\"\r\nmedia_server_ip=\"<%= customOptions.media_server_ip %>\"\r\nmedia_server_share=\"<%= customOptions.media_server_share %>\"\r\nmedia_server_username=\"<%= customOptions.media_server_username %>\"\r\nmedia_server_password=\"<%= customOptions.media_server_password %>\"\r\nhttp_proxy=\"<%= customOptions.http_proxy %>\"\r\nhttps_proxy=\"<%= customOptions.https_proxy %>\"\r\nno_proxy=\"<%= customOptions.sap_media_no_proxy %>\"\r\n\r\necho \"=========================================\"\r\necho \"Mount Configuration Parameters:\"\r\necho \"=========================================\"\r\necho \"SAP Media Folder:      $sap_media_folder\"\r\necho \"Media Server Type:     $media_server_type\"\r\necho \"Media Server IP:       $media_server_ip\"\r\necho \"Media Server Share:    $media_server_share\"\r\necho \"Media Server Username: $media_server_username\"\r\necho \"Media Server Password: ${media_server_password:+***hidden***}\"\r\necho \"HTTP Proxy:            $http_proxy\"\r\necho \"HTTPS Proxy:           $https_proxy\"\r\necho \"SAP Media No Proxy:    $no_proxy\"\r\necho \"=========================================\"\r\necho \"\"\r\n\r\n# Function to check if directory is already mounted and validate content\r\ncheck_existing_mount() {\r\n    local mount_dir=\"$1\"\r\n    local server_ip=\"$2\"\r\n\r\n    # Check /proc/mounts for existing mount from the specified server IP\r\n    if grep -q \"$server_ip.*$mount_dir\" /proc/mounts; then\r\n        # Verify mount content with timeout\r\n        local ls_output\r\n        if ls_output=$(timeout 5 ls -q \"$mount_dir\" 2>/dev/null); then\r\n            # Check if only lost+found is present (failed mount indicator)\r\n            if [[ \"$ls_output\" == \"lost+found\" ]]; then\r\n                echo \"INFO: Existing mount appears invalid (only lost+found present)\"\r\n                echo \"INFO: Unmounting $mount_dir\"\r\n\r\n                if umount \"$mount_dir\" 2>&1; then\r\n                    echo \"INFO: Successfully unmounted $mount_dir\"\r\n                    return 1  # Mount exists but failed\r\n                else\r\n                    echo \"ERROR: Failed to unmount $mount_dir\"\r\n                    exit 1\r\n                fi\r\n            else\r\n                echo \"INFO: Valid mount already exists at $mount_dir\"\r\n                return 0  # Mount exists and is valid\r\n            fi\r\n        else\r\n            echo \"INFO: Existing mount is not accessible\"\r\n            echo \"INFO: Unmounting $mount_dir\"\r\n\r\n            if umount \"$mount_dir\" 2>&1; then\r\n                echo \"INFO: Successfully unmounted $mount_dir\"\r\n                return 1  # Mount exists but failed\r\n            else\r\n                echo \"ERROR: Failed to unmount $mount_dir\"\r\n                exit 1\r\n            fi\r\n        fi\r\n    else\r\n        return 1  # No mount exists\r\n    fi\r\n}\r\n\r\n# Function to verify mount succeeded\r\nverify_mount() {\r\n    local mount_dir=\"$1\"\r\n    local server_ip=\"$2\"\r\n\r\n    # Wait a moment for mount to complete\r\n    sleep 2\r\n\r\n    # Check if mount point exists in /proc/mounts\r\n    if ! grep -q \"$mount_dir\" /proc/mounts; then\r\n        echo \"ERROR: Mount point not found in /proc/mounts\"\r\n        return 1\r\n    fi\r\n\r\n    # Try to list directory contents with timeout\r\n    local ls_output\r\n    if ! ls_output=$(timeout 10 ls -A \"$mount_dir\" 2>&1); then\r\n        echo \"ERROR: Mount directory is not accessible (timeout or permission error)\"\r\n        return 1\r\n    fi\r\n\r\n    # Check if directory is empty or only has lost+found\r\n    if [[ -z \"$ls_output\" ]] || [[ \"$ls_output\" == \"lost+found\" ]]; then\r\n        echo \"ERROR: Mount directory is empty or invalid\"\r\n        return 1\r\n    fi\r\n\r\n    return 0\r\n}\r\n\r\n# Create mount directory if it does not exist\r\nmkdir -p \"$sap_media_folder\" 2>/dev/null\r\n\r\n# Check existing mount before attempting to mount\r\nif check_existing_mount \"$sap_media_folder\" \"$media_server_ip\"; then\r\n  echo \"SUCCESS: Using existing mount at $sap_media_folder\"\r\n  exit 0\r\nfi\r\n\r\n# Perform mount based on type\r\necho \"INFO: Mounting $media_server_type from $media_server_ip/$media_server_share\"\r\nmount_exit_code=0\r\n\r\nif [[ \"$media_server_type\" == \"cifs\" ]]; then\r\n  mount -t cifs \"//${media_server_ip}/${media_server_share}\" \"$sap_media_folder\" \\\r\n    -o username=\"${media_server_username}\",password=\"${media_server_password}\",ro,_netdev 2>&1\r\n  mount_exit_code=$?\r\n\r\nelif [[ \"$media_server_type\" == \"webdav\" ]]; then\r\n  # Configure WebDAV server credentials\r\n  if [[ -n \"$media_server_username\" && -n \"$media_server_password\" ]]; then\r\n    grep -q \"^http://${media_server_ip}/${media_server_share}\" /etc/davfs2/secrets 2>/dev/null || \\\r\n      echo \"http://${media_server_ip}/${media_server_share}    ${media_server_username}    ${media_server_password}\" >> /etc/davfs2/secrets\r\n  else\r\n    grep -q \"^http://${media_server_ip}/${media_server_share}\" /etc/davfs2/secrets 2>/dev/null || \\\r\n      echo \"http://${media_server_ip}/${media_server_share}    none    none\" >> /etc/davfs2/secrets\r\n  fi\r\n\r\n  # Check if SAP media no proxy is enabled\r\n  if [[ \"$no_proxy\" =~ ^(true|True|TRUE)$ ]]; then\r\n    echo \"INFO: SAP media no proxy enabled - direct connection\"\r\n    unset http_proxy https_proxy HTTP_PROXY HTTPS_PROXY\r\n  else\r\n    # Configure proxy\r\n    if [[ -n \"$http_proxy\" && \"$http_proxy\" != \"null\" ]]; then\r\n      echo \"INFO: Using proxy: $http_proxy\"\r\n      grep -q \"^${http_proxy}\" /etc/davfs2/secrets 2>/dev/null || \\\r\n        echo \"${http_proxy}    none    none\" >> /etc/davfs2/secrets\r\n      export http_proxy=\"$http_proxy\"\r\n    fi\r\n\r\n    if [[ -n \"$https_proxy\" && \"$https_proxy\" != \"null\" ]]; then\r\n      grep -q \"^${https_proxy}\" /etc/davfs2/secrets 2>/dev/null || \\\r\n        echo \"${https_proxy}    none    none\" >> /etc/davfs2/secrets\r\n      export https_proxy=\"$https_proxy\"\r\n    fi\r\n  fi\r\n\r\n  chmod 600 /etc/davfs2/secrets 2>/dev/null\r\n\r\n  # Capture mount output to detect issues\r\n  mount_output=$(mount -t davfs \"http://${media_server_ip}/${media_server_share}\" \"$sap_media_folder\" -o ro,_netdev 2>&1)\r\n  mount_exit_code=$?\r\n  \r\n  # Check for known davfs2 warning messages\r\n  if echo \"$mount_output\" | grep -q \"connection timed out\\|server temporarily unreachable\"; then\r\n    echo \"WARNING: WebDAV mount experienced connectivity issues:\"\r\n    echo \"$mount_output\" | grep -E \"connection timed out|server temporarily unreachable|mounting anyway\"\r\n    \r\n    if [[ -n \"$http_proxy\" || -n \"$https_proxy\" ]]; then\r\n      echo \"NOTE: Proxy is configured ($http_proxy) - this may require authentication\"\r\n    fi\r\n  fi\r\n\r\nelif [[ \"$media_server_type\" == \"nfs\" ]]; then\r\n  mount -t nfs \"${media_server_ip}:${media_server_share}\" \"$sap_media_folder\" -o ro,_netdev 2>&1\r\n  mount_exit_code=$?\r\n\r\nelif [[ \"$media_server_type\" == \"sshfs\" ]]; then\r\n  export SSHPASS=\"${media_server_password}\"\r\n  sshfs \"${media_server_ip}:${media_server_share}\" \"$sap_media_folder\" \\\r\n    -o ssh_command=\"sshpass -e ssh -l ${media_server_username}\" -o reconnect,allow_other 2>&1\r\n  mount_exit_code=$?\r\nfi\r\n\r\n# Check mount command exit code\r\nif [[ $mount_exit_code -ne 0 ]]; then\r\n  echo \"=========================================\"\r\n  echo \"ERROR: Mount failed\"\r\n  echo \"  Type: $media_server_type\"\r\n  echo \"  Server: $media_server_ip/$media_server_share\"\r\n  echo \"  Exit code: $mount_exit_code\"\r\n  echo \"=========================================\"\r\n  exit 1\r\nfi\r\n\r\n# Verify mount actually worked\r\necho \"INFO: Verifying mount integrity...\"\r\nif ! verify_mount \"$sap_media_folder\" \"$media_server_ip\"; then\r\n  echo \"=========================================\"\r\n  echo \"ERROR: Mount verification failed\"\r\n  echo \"  Type: $media_server_type\"\r\n  echo \"  Mount point: $sap_media_folder\"\r\n  echo \"  Server: $media_server_ip/$media_server_share\"\r\n  \r\n  # Provide specific guidance based on mount type\r\n  if [[ \"$media_server_type\" == \"webdav\" ]]; then\r\n    echo \"\"\r\n    echo \"Possible causes:\"\r\n    if [[ -n \"$http_proxy\" ]]; then\r\n      echo \"  - Proxy ($http_proxy) may require authentication\"\r\n      echo \"  - Try setting SAP media no proxy to 'true' if server is on local network\"\r\n    fi\r\n    echo \"  - WebDAV server may be unreachable or slow to respond\"\r\n    echo \"  - Firewall blocking WebDAV traffic\"\r\n    echo \"  - Invalid credentials\"\r\n  fi\r\n  \r\n  echo \"=========================================\"\r\n  \r\n  # Try to unmount the failed mount\r\n  echo \"INFO: Attempting to unmount failed mount\"\r\n  if umount \"$sap_media_folder\" 2>&1; then\r\n      echo \"INFO: Failed mount cleaned up successfully\"\r\n  else\r\n      echo \"ERROR: Failed to unmount $sap_media_folder - manual intervention may be required\"\r\n      echo \"ERROR: Try: umount -l $sap_media_folder (lazy umount)\"\r\n  fi\r\n  exit 1\r\nfi\r\n\r\necho \"=========================================\"\r\necho \"SUCCESS: Mount completed\"\r\necho \"  Type: $media_server_type\"\r\necho \"  Mount point: $sap_media_folder\"\r\necho \"  Server: $media_server_ip/$media_server_share\"\r\necho \"=========================================\"\r\nexit 0",
            "contentPath": null,
            "contentRef": null,
            "repository": null
        },
        "credential": {
            "type": "local"
        }
    }
}