{
    "task": {
        "name": "SAP PAS installation",
        "code": "installSAPAPP",
        "visibility": "private",
        "taskType": {
            "code": "ansibleTask",
            "name": "Ansible Playbook"
        },
        "labels": [],
        "taskOptions": {
            "ansibleTags": null,
            "ansibleSkipTags": null,
            "username": null,
            "sshKey": null,
            "ansiblePlaybook": "sap-swpm-default-mode.yml",
            "password": null,
            "passwordHash": null,
            "ansibleGitId": "5",
            "ansibleGitRef": null,
            "host": null,
            "ansibleOptions": "--user root --extra-vars '{\"ansible_python_interpreter\":\"<%= customOptions.ansible_python_interpreter %>\",\"sap_swpm_parallel_jobs_nr\":\"<%= customOptions.sap_swpm_parallel_jobs_nr  %>\",\"sap_swpm_master_password\":\"<%= customOptions.sap_swpm_master_password %>\",\"sap_swpm_software_path\":\"<%= results.getSAPSWPMinput.sap_swpm_software_path  %>\",\"sap_swpm_product_catalog_id\":\"<%= results.getSAPSWPMinput.sap_swpm_product_catalog_id %>\",\"sap_swpm_sid\":\"<%= customOptions.sap_swpm_sid %>\",\"sap_swpm_ascs_instance_nr\":\"<%= customOptions.sap_swpm_ascs_instance_nr %>\",\"sap_swpm_pas_instance_nr\":\"<%= customOptions.sap_swpm_pas_instance_nr %>\",\"sap_swpm_sapinst_path\":\"<%= results.getSAPSWPMinput.sap_swpm_sapinst_path %>\",\"sap_swpm_db_sid\":\"<%= results.getSAPHANAparameter.sap_swpm_db_sid %>\",\"sap_swpm_db_instance_nr\":\"<%= results.getSAPHANAparameter.sap_swpm_db_instance_nr %>\",\"sap_swpm_db_host\":\"<%= results.getSAPHANAparameter.sap_swpm_db_host %>\",\"sap_swpm_db_system_password\":\"<%= customOptions.sap_hana_install_master_password %>\"}'",
            "port": null,
            "localScriptGitRef": null
        },
        "resultType": null,
        "executeTarget": "resource",
        "retryable": false,
        "retryCount": 5,
        "retryDelaySeconds": 10,
        "file": null,
        "credential": {
            "type": "local"
        }
    }
}