{
    "task": {
        "name": "SAP HANA root key import",
        "code": "setSAPHANArootkey",
        "visibility": "private",
        "taskType": {
            "code": "script",
            "name": "Shell Script"
        },
        "labels": [],
        "taskOptions": {
            "password": null,
            "passwordHash": null,
            "shell.sudo": "on",
            "port": null,
            "sshKey": null,
            "username": null,
            "localScriptGitRef": null,
            "host": null
        },
        "resultType": null,
        "executeTarget": "resource",
        "retryable": false,
        "retryCount": 5,
        "retryDelaySeconds": 10,
        "file": {
            "sourceType": "local",
            "content": "#!/bin/bash\r\n#Check if the script is executed on the SAP HANA host\r\nsap_hana_hostname=\"<%= results.getSAPHANAparameter.sap_swpm_db_host %>\"\r\nhostname=\"$(hostname)\"\r\n\r\nif [[ \"$sap_hana_hostname\" != \"$hostname\" ]]; then\r\n  exit 0\r\nfi\r\n\r\nsap_hana_restore=\"<%= results.getSAPHANArestore %>\"\r\n \r\nif [[ \"$sap_hana_restore\" == \"false\" ]]; then\r\n  exit 0\r\nfi\r\n\r\nsapSID=\"<%=customOptions.sap_hana_install_sid %>\"\r\nsapsidadm=\"${sapSID,,}\"adm\r\nsapsystemDBpassword=\"<%=customOptions.sap_hana_install_master_password %>\"\r\nsapInstanceNumber=\"<%=customOptions.sap_hana_install_instance_number %>\"\r\nsapBackuplocation=\"<%=customOptions.sap_swpm_backup_location %>\"\r\nsapRootkeyfilename=\"<%= results.getSAPHANAbackupparameter.sap_hana_backup_rootkeys_filename %>\"\r\nsapRootkeyspassword=\"<%=customOptions.sap_hana_backup_rootkeys_password %>\"\r\n\r\n# Function to handle errors\r\nhandle_error() {\r\n  echo \"Error: $1\"\r\n  exit 1\r\n}\r\n\r\n# Stop the tenant database\r\nhdbsqltext=\"hdbsql -d SYSTEMDB -u SYSTEM -p ${sapsystemDBpassword} -i ${sapInstanceNumber} \\\"ALTER SYSTEM STOP DATABASE ${sapSID}\\\"\"\r\necho \"STOPPING TENANT DATABASE ${sapsidadm}\"\r\nsu - \"${sapsidadm}\" -c \"${hdbsqltext}\" || handle_error \"Failed to stop tenant database ${sapSID}\"\r\n\r\n# Import the root key of the source database\r\nhdbsqltext=\"hdbsql -d SYSTEMDB -u SYSTEM -p ${sapsystemDBpassword} -i ${sapInstanceNumber} \\\"RECOVER ENCRYPTION ROOT KEYS for ${sapSID} USING FILE ('${sapBackuplocation}/${sapRootkeyfilename}') PASSWORD ${sapRootkeyspassword} \\\"\"\r\necho \"IMPORTING ROOT KEY OF SOURCE DB\"\r\nsu - \"${sapsidadm}\" -c \"${hdbsqltext}\" || handle_error \"Failed to import root key for tenant database ${sapSID}\"\r\n\r\n# Start the tenant database\r\nhdbsqltext=\"hdbsql -d SYSTEMDB -u SYSTEM -p ${sapsystemDBpassword} -i ${sapInstanceNumber} \\\"ALTER SYSTEM START DATABASE ${sapSID}\\\"\"\r\necho \"STARTING TENANT DATABASE ${sapsidadm}\"\r\nsu - \"${sapsidadm}\" -c \"${hdbsqltext}\" || handle_error \"Failed to start tenant database ${sapSID}\"\r\n\r\necho \"All operations completed successfully.\"",
            "contentPath": null,
            "contentRef": null,
            "repository": null
        },
        "credential": {
            "type": "local"
        }
    }
}