{
    "task": {
        "name": "SAP PAS post installation",
        "code": "postinstallSAPPAS",
        "visibility": "private",
        "taskType": {
            "code": "script",
            "name": "Shell Script"
        },
        "labels": [],
        "taskOptions": {
            "sshKey": null,
            "host": null,
            "shell.sudo": "on",
            "localScriptGitRef": null,
            "password": null,
            "passwordHash": null,
            "username": null,
            "port": null
        },
        "resultType": null,
        "executeTarget": "resource",
        "retryable": false,
        "retryCount": 5,
        "retryDelaySeconds": 10,
        "file": {
            "sourceType": "local",
            "content": "#!/bin/bash\r\n\r\n# Set the SAP System ID (SID) dynamically\r\nsapSID=\"<%= customOptions.sap_swpm_sid %>\"\r\n\r\n# Get the local IP address\r\nLOCAL_IP=$(grep -i \"$(hostname -f)\" /etc/hosts | grep -v '^#' | head -1 | awk '{print $1}')\r\nif [[ -z \"$LOCAL_IP\" ]]; then\r\n  echo \"Error: Unable to determine LOCAL_IP. Ensure the hostname is correctly configured in /etc/hosts. Exiting.\"\r\n  exit 1\r\nfi\r\necho \"LOCAL_IP: $LOCAL_IP\"\r\n\r\n# Get the local network range (filter out \"default\")\r\nLOCAL_NETWORK_PRODUCT=$(ip route | grep \"${LOCAL_IP}\" | grep -v \"default\" | head -1 | awk '{print $1}')\r\nif [[ -z \"$LOCAL_NETWORK_PRODUCT\" ]]; then\r\n  echo \"Error: Unable to determine LOCAL_NETWORK_PRODUCT. Ensure the network configuration is correct. Exiting.\"\r\n  exit 1\r\nfi\r\necho \"LOCAL_NETWORK_PRODUCT: $LOCAL_NETWORK_PRODUCT\"\r\n\r\n# Check if the directory exists\r\nif [[ ! -d \"/sapmnt/${sapSID}\" ]]; then\r\n  echo \"Error: Directory /sapmnt/${sapSID} does not exist. Exiting.\"\r\n  exit 1\r\nfi\r\n\r\n# Check if the NFS export entry already exists\r\nEXPORT_ENTRY=\"/sapmnt/${sapSID} ${LOCAL_NETWORK_PRODUCT}(rw,sync,no_root_squash,no_subtree_check,fsid=0)\"\r\nif grep -qF \"$EXPORT_ENTRY\" /etc/exports; then\r\n  echo \"NFS export entry already exists in /etc/exports. Skipping addition.\"\r\nelse\r\n  echo \"Adding NFS export entry to /etc/exports...\"\r\n  echo \"$EXPORT_ENTRY\" >> /etc/exports || {\r\n    echo \"Error: Failed to add NFS export entry to /etc/exports. Exiting.\"\r\n    exit 1\r\n  }\r\nfi\r\n\r\n# Restart NFS services\r\necho \"Restarting NFS services...\"\r\nif ! systemctl restart nfs-client.target; then\r\n  echo \"Error: Failed to restart nfs-client.target. Exiting.\"\r\n  exit 1\r\nfi\r\n\r\n# Reload NFS exports with detailed error reporting\r\necho \"Reloading NFS exports...\"\r\nif ! exportfs -r 2>&1; then\r\n  echo \"\"\r\n  echo \"==========================================\"\r\n  echo \"ERROR: Failed to reload NFS exports\"\r\n  echo \"==========================================\"\r\n  echo \"\"\r\n  echo \"Current SID being configured: ${sapSID}\"\r\n  echo \"Expected directory: /sapmnt/${sapSID}\"\r\n  echo \"\"\r\n  echo \"All entries in /etc/exports:\"\r\n  cat /etc/exports\r\n  echo \"\"\r\n  echo \"Checking for stale or conflicting export entries...\"\r\n  echo \"Directories referenced in /etc/exports that do NOT exist:\"\r\n  while IFS= read -r line; do\r\n    [[ \"$line\" =~ ^[[:space:]]*# ]] && continue  # Skip comments\r\n    [[ -z \"$line\" ]] && continue  # Skip empty lines\r\n    export_path=$(echo \"$line\" | awk '{print $1}')\r\n    if [[ -n \"$export_path\" && ! -d \"$export_path\" ]]; then\r\n      echo \"  - $export_path (referenced in: $line)\"\r\n    fi\r\n  done < /etc/exports\r\n  echo \"\"\r\n  echo \"Action required: Remove or fix the entries for non-existent directories in /etc/exports\"\r\n  echo \"==========================================\"\r\n  exit 1\r\nfi\r\n\r\nif ! systemctl start nfs-mountd; then\r\n  echo \"Error: Failed to start nfs-mountd. Exiting.\"\r\n  exit 1\r\nfi\r\n\r\necho \"NFS configuration completed successfully.\"",
            "contentPath": null,
            "contentRef": null,
            "repository": null
        },
        "credential": {
            "type": "local"
        }
    }
}