{
    "task": {
        "name": "Set morpheus hostname resolution v1.1",
        "code": "setMorpheusdataHostnameHostsandCloud",
        "visibility": "private",
        "taskType": {
            "code": "script",
            "name": "Shell Script"
        },
        "labels": [],
        "taskOptions": {
            "localScriptGitRef": null,
            "sshKey": null,
            "username": null,
            "host": null,
            "shell.sudo": "on",
            "port": null,
            "password": null,
            "passwordHash": null
        },
        "resultType": null,
        "executeTarget": "resource",
        "retryable": false,
        "retryCount": 5,
        "retryDelaySeconds": 10,
        "file": {
            "sourceType": "local",
            "content": "#!/bin/bash\r\n\r\n# Define the IP address, FQDN, and short name\r\nip_address=\"<%= customOptions.morpheus_ip %>\"\r\nfqdn=\"<%= customOptions.morpheus_hostname %>\"\r\nshort_name=\"${fqdn%%.*}\"\r\nentry=\"$ip_address $fqdn $short_name\"\r\n\r\nadd_morpheus_entry() {\r\n    local target_file=\"$1\"\r\n    \r\n    # Backup file (only if not already backed up)\r\n    if [ \"$target_file\" != \"/etc/hosts\" ]; then\r\n        # For template files\r\n        if [ ! -f \"${target_file}.bak.morpheus\" ]; then\r\n            cp \"$target_file\" \"${target_file}.bak.morpheus\"\r\n            echo \"Backup created: ${target_file}.bak.morpheus\"\r\n        else\r\n            echo \"Backup already exists: ${target_file}.bak.morpheus\"\r\n        fi\r\n    else\r\n        # For /etc/hosts\r\n        if [ ! -f /etc/hosts.bak.morpheus ]; then\r\n            cp /etc/hosts /etc/hosts.bak.morpheus\r\n            echo \"Backup created: /etc/hosts.bak.morpheus\"\r\n        else\r\n            echo \"Backup already exists: /etc/hosts.bak.morpheus\"\r\n        fi\r\n    fi\r\n    \r\n    # Check if the entry already exists\r\n    if grep -qF \"$entry\" \"$target_file\"; then\r\n        echo \"Morpheus entry already exists in $target_file. No changes made.\"\r\n        return 0\r\n    fi\r\n    \r\n    # Add entry\r\n    echo \"$entry\" >> \"$target_file\"\r\n    echo \"Morpheus entry added to $target_file.\"\r\n}\r\n\r\ndetect_cloud_template() {\r\n    local template_file=\"\"\r\n    \r\n    # Try /etc/hosts header first\r\n    if [ -f /etc/hosts ]; then\r\n        template_file=$(grep -m1 \"master file in /etc/cloud/templates/\" /etc/hosts 2>/dev/null | sed -n 's|.*master file in \\(/etc/cloud/templates/[^ ]*\\).*|\\1|p')\r\n        if [ -n \"$template_file\" ] && [ -f \"$template_file\" ]; then\r\n            echo \"$template_file\"\r\n            return 0\r\n        fi\r\n    fi\r\n    \r\n    # Try OS detection\r\n    if [ -f /etc/os-release ]; then\r\n        . /etc/os-release\r\n        case \"$ID\" in\r\n            sles|sles_sap|suse) template_file=\"/etc/cloud/templates/hosts.suse.tmpl\" ;;\r\n            rhel|redhat) template_file=\"/etc/cloud/templates/hosts.redhat.tmpl\" ;;\r\n        esac\r\n        \r\n        if [ -n \"$template_file\" ] && [ -f \"$template_file\" ]; then\r\n            echo \"$template_file\"\r\n            return 0\r\n        fi\r\n    fi\r\n    \r\n    return 1\r\n}\r\n\r\n# Check if hostname is already resolvable (DNS or hosts file)\r\nif getent hosts \"$fqdn\" > /dev/null 2>&1; then\r\n    echo \"Morpheus FQDN ($fqdn) is already resolvable.\"\r\n    exit 0\r\nelse\r\n    echo \"Morpheus hostname is not resolvable.\"\r\nfi\r\n\r\n# Main execution logic - same pattern as hostname script\r\nif [ -f /etc/cloud/cloud.cfg ]; then\r\n    echo \"Cloud-init configuration found at /etc/cloud/cloud.cfg\"\r\n    \r\n    if grep -Eq \"^manage_etc_hosts:\\s*(true|True|TRUE)\" /etc/cloud/cloud.cfg; then\r\n        echo \"Cloud-init manage_etc_hosts is enabled. Will modify template file.\"\r\n        \r\n        # Detect the correct template file using robust detection\r\n        TEMPLATE_FILE=$(detect_cloud_template)\r\n        \r\n        if [ -n \"$TEMPLATE_FILE\" ] && [ -f \"$TEMPLATE_FILE\" ]; then\r\n            echo \"Using cloud-init template file: $TEMPLATE_FILE\"\r\n            add_morpheus_entry \"$TEMPLATE_FILE\"\r\n        else\r\n            echo \"Could not detect or find cloud-init template file\"\r\n            echo \"Checked:\"\r\n            echo \"  1. /etc/hosts header for template reference\"\r\n            echo \"  2. /etc/os-release for OS-specific template\"\r\n            echo \"Supported systems:\"\r\n            echo \"  - SLES/SUSE: /etc/cloud/templates/hosts.suse.tmpl\"\r\n            echo \"  - RHEL/Red Hat: /etc/cloud/templates/hosts.redhat.tmpl\"\r\n            echo \"\"\r\n            echo \"WARNING: manage_etc_hosts is true but no template file found!\"\r\n            echo \"Adding to /etc/hosts directly (may not persist after reboots).\"\r\n            add_morpheus_entry \"/etc/hosts\"\r\n        fi\r\n    else\r\n        echo \"Cloud-init manage_etc_hosts is disabled or not set to true. Adding to /etc/hosts directly.\"\r\n        add_morpheus_entry \"/etc/hosts\"\r\n    fi\r\nelse\r\n    echo \"Cloud-init not detected (no /etc/cloud/cloud.cfg file). Adding to /etc/hosts directly.\"\r\n    add_morpheus_entry \"/etc/hosts\"\r\nfi",
            "contentPath": null,
            "contentRef": null,
            "repository": null
        },
        "credential": {
            "type": "local"
        }
    }
}