{
    "task": {
        "name": "SAP AAS installation",
        "code": "installSAPAAS",
        "visibility": "private",
        "taskType": {
            "code": "ansibleTask",
            "name": "Ansible Playbook"
        },
        "labels": [],
        "taskOptions": {
            "localScriptGitRef": null,
            "sshKey": null,
            "ansibleOptions": "--user root --extra-vars '{\"sap_swpm_software_path\":<%= results.getSAPSWPMinput.sap_swpm_software_path %>,\"sap_swpm_sapinst_path\":<%= results.getSAPSWPMinput.sap_swpm_sapinst_path %>,\"sap_swpm_sid\":\"<%= results.getSAPAPPparameter.sap_swpm_sid %>\",\"sap_swpm_ascs_instance_nr\":\"<%= results.getSAPAPPparameter.sap_swpm_ascs_instance_nr %>\",\"sap_swpm_master_password\":\"<%= customOptions.sap_swpm_master_password %>\",\"sap_swpm_db_instance_nr\":\"<%= results.getSAPAPPparameter.sap_swpm_db_instance_nr %>\",\"sap_swpm_db_sid\":\"<%= results.getSAPAPPparameter.sap_swpm_db_sid %>\",\"sap_swpm_db_schema\":\"<%= customOptions.sap_swpm_db_schema_abap %>\",\"sap_swpm_db_schema_password\":\"<%= customOptions.sap_hana_install_master_password %>\",\"sap_swpm_db_systemdb_password\":\"<%= customOptions.sap_hana_install_master_password %>\",\"sap_swpm_db_system_password\":\"<%= customOptions.sap_hana_install_master_password %>\",\"sap_swpm_product_catalog_id\":\"<%= results.getSAPSWPMinput.sap_swpm_product_catalog_id %>\"}'",
            "ansibleGitRef": null,
            "ansibleTags": null,
            "host": null,
            "ansibleGitId": "5",
            "password": null,
            "passwordHash": null,
            "port": null,
            "ansiblePlaybook": "sap-swpm-aas-mode.yml",
            "ansibleSkipTags": null,
            "username": null
        },
        "resultType": null,
        "executeTarget": "resource",
        "retryable": false,
        "retryCount": 5,
        "retryDelaySeconds": 10,
        "file": null,
        "credential": {
            "type": "local"
        }
    }
}