{
    "task": {
        "name": "Prepare hosts file",
        "code": "prepareetchost",
        "visibility": "private",
        "taskType": {
            "code": "script",
            "name": "Shell Script"
        },
        "labels": [],
        "taskOptions": {
            "host": null,
            "localScriptGitRef": null,
            "password": null,
            "passwordHash": null,
            "username": null,
            "sshKey": null,
            "port": null,
            "shell.sudo": "on"
        },
        "resultType": null,
        "executeTarget": "resource",
        "retryable": false,
        "retryCount": 5,
        "retryDelaySeconds": 10,
        "file": {
            "sourceType": "local",
            "content": "#!/bin/bash\r\n\r\necho \"Set /etc/hosts\"\r\n# Detect FQDN, hostname, and IP from eth0\r\nfqdn=$(hostname -f)\r\nshort_hostname=$(hostname -s)\r\ncurrent_hostname=$(hostname)\r\nip_eth0=$(ip -4 addr show eth0 | awk '/inet / {print $2}' | cut -d/ -f1)\r\n\r\n# Backup /etc/hosts\r\ncp /etc/hosts /etc/hosts.bak\r\n\r\n# Replace the line starting with 127.0.0.1 and containing the hostname with only localhost\r\nif grep -Eq \"^127\\.0\\.0\\.1\\s.*$short_hostname\" /etc/hosts; then\r\n    echo \"Found line with 127.0.0.1 and $short_hostname. Replacing with '127.0.0.1  localhost'.\"\r\n    sed -i -E \"/^127\\.0\\.0\\.1\\s.*$short_hostname/ s/^127\\.0\\.0\\.1.*/127.0.0.1  localhost/\" /etc/hosts\r\nelse\r\n    echo \"No line with 127.0.0.1 and $short_hostname found. No replacement needed.\"\r\nfi\r\n\r\n# Add the IP, FQDN, and hostname line if not already present\r\nhost_entry=\"$ip_eth0  $fqdn  $short_hostname\"\r\nif grep -qF \"$host_entry\" /etc/hosts; then\r\n    echo \"Entry '$host_entry' already exists in /etc/hosts. No action taken.\"\r\nelse\r\n    echo \"Adding entry '$host_entry' to /etc/hosts.\"\r\n    echo \"$host_entry\" >> /etc/hosts\r\nfi\r\n\r\n\r\nif [[ \"$current_hostname\" == \"$fqdn\" ]]; then\r\n    echo \"Current hostname and FQDN are equal: $current_hostname\"\r\n    echo \"Setting hostname to short hostname: $short_hostname\"\r\n\r\n    # Set hostname immediately (systemd-based systems)\r\n    sudo hostnamectl set-hostname \"$short_hostname\"\r\n\r\n    # Ensure /etc/hostname is updated (for legacy compatibility)\r\n    echo \"$short_hostname\" | sudo tee /etc/hostname > /dev/null\r\n\r\n    echo \"Hostname changed to $short_hostname\"\r\nelse\r\n    echo \"No change needed. Hostname ($current_hostname) and FQDN ($fqdn) are not equal.\"\r\nfi\r\nipadress=\"<%=instance.apps.instances.container.server.internalIp%>\"\r\nipadress2=\"$(echo $ipadress | tr -d [ | tr -d ] | tr -d ,)\"\r\nipadress_array=($ipadress2)\r\necho \"IP Adress $ipadress\"\r\n\r\nhostname=\"<%=instance.apps.instances.container.server.hostname%>\"\r\nhostname=\"$(echo $hostname | tr -d [ | tr -d ] | tr -d ,)\"\r\nhostname_array=($hostname)\r\n\r\ndomain_name=\"$(hostname -d)\"\r\nlength=${#hostname_array[@]}\r\n\r\nfor (( j=0; j<length; j++ ));\r\ndo\r\n  grep -q \"${ipadress_array[j]} ${hostname_array[j]}.${domain_name} ${hostname_array[j]}\" /etc/hosts && echo IP is already available || echo ${ipadress_array[j]} ${hostname_array[j]}.${domain_name} ${hostname_array[j]} >> /etc/hosts\r\ndone",
            "contentPath": null,
            "contentRef": null,
            "repository": null
        },
        "credential": {
            "type": "local"
        }
    }
}