{
    "task": {
        "name": "SAP AAS pre installation",
        "code": "preinstallSAPAAS",
        "visibility": "private",
        "taskType": {
            "code": "script",
            "name": "Shell Script"
        },
        "labels": [],
        "taskOptions": {
            "username": null,
            "shell.sudo": "on",
            "port": null,
            "password": null,
            "passwordHash": null,
            "localScriptGitRef": null,
            "sshKey": null,
            "host": null
        },
        "resultType": null,
        "executeTarget": "resource",
        "retryable": false,
        "retryCount": 5,
        "retryDelaySeconds": 10,
        "file": {
            "sourceType": "local",
            "content": "#!/bin/bash\r\n\r\n# Set PAS_IP and SAP_SID with fallback logic\r\nPAS_IP=\"<%=evars.SAP_APP_HOSTNAME%>\"\r\nSAP_SID=\"<%=evars.SAP_APP_SID%>\"\r\n\r\n# Check for null or empty PAS_IP\r\nif [[ -z \"$PAS_IP\" || \"$PAS_IP\" == \"null\" ]]; then\r\n  PAS_IP=\"<%=customOptions.sap_pas_ip_hostname%>\"\r\n  if [[ -z \"$PAS_IP\" || \"$PAS_IP\" == \"null\" ]]; then\r\n    echo \"Error: IP for PAS is not available. Please provide a valid IP address. Exiting.\"\r\n    exit 1\r\n  fi\r\nfi\r\n\r\n# Check for null or empty SAP_SID\r\nif [[ -z \"$SAP_SID\" || \"$SAP_SID\" == \"null\" ]]; then\r\n  SAP_SID=\"<%=customOptions.sap_swpm_sid%>\"\r\n  if [[ -z \"$SAP_SID\" || \"$SAP_SID\" == \"null\" ]]; then\r\n    echo \"Error: SAP SID is not available. Please provide a valid SAP System ID. Exiting.\"\r\n    exit 1\r\n  fi\r\nfi\r\n\r\n# Output the resolved values\r\necho \"Resolved IP of primary application server: $PAS_IP\"\r\necho \"Resolved SAP SID: $SAP_SID\"\r\n\r\n# Define the mount directory\r\nMOUNT_DIR=\"/sapmnt/$SAP_SID\"\r\n\r\n# Check if the directory is already mounted\r\nif mountpoint -q \"$MOUNT_DIR\"; then\r\n  echo \"The directory $MOUNT_DIR is already mounted. Skipping mount step.\"\r\n  exit 0\r\nfi\r\n\r\n# Create the mount directory\r\necho \"Creating mount directory: $MOUNT_DIR...\"\r\nif ! mkdir -p \"$MOUNT_DIR\"; then\r\n  echo \"Error: Failed to create directory $MOUNT_DIR. Exiting.\"\r\n  exit 1\r\nfi\r\n\r\n# Mount the NFS share\r\necho \"Mounting NFS share $PAS_IP:/sapmnt/$SAP_SID to $MOUNT_DIR...\"\r\nif ! mount \"$PAS_IP:/sapmnt/$SAP_SID\" \"$MOUNT_DIR\"; then\r\n  echo \"Error: Failed to mount $PAS_IP:/sapmnt/$SAP_SID to $MOUNT_DIR. Exiting.\"\r\n  exit 1\r\nfi\r\n\r\n# Success message\r\necho \"NFS share successfully mounted at $MOUNT_DIR.\"",
            "contentPath": null,
            "contentRef": null,
            "repository": null
        },
        "credential": {
            "type": "local"
        }
    }
}