{
    "optionType": {
        "name": "SAP HANA sizing option",
        "description": "SAP HANA sizing options v1.0",
        "labels": [],
        "fieldName": "sap_hana_sizing",
        "type": "select",
        "fieldLabel": "Define the SAP HANA sizing",
        "placeHolder": null,
        "helpBlock": "Default will size /hana/data to 3*memory, log and shared to 1*memory\r\n\r\nDual_purpose will size data, log and shared to 1*memory.\r\n\r\n\r\nCustom offers customization fields",
        "verifyPattern": null,
        "defaultValue": null,
        "required": false,
        "exportMeta": false,
        "editable": false,
        "optionList": {
            "name": "SAP HANA directory sizing option"
        },
        "isHidden": false,
        "dependsOnCode": null,
        "visibleOnCode": null,
        "requireOnCode": null
    }
}