{
    "optionType": {
        "name": "SAP HANA volume size for /hana/data",
        "description": "Size for /hana/data/sid volume v1.0",
        "labels": [],
        "fieldName": "sap_hana_lvm_hana_data",
        "type": "number",
        "fieldLabel": "Size for /hana/data/sid directory in GB",
        "placeHolder": null,
        "helpBlock": null,
        "verifyPattern": null,
        "defaultValue": null,
        "required": false,
        "exportMeta": false,
        "editable": false,
        "optionList": null,
        "isHidden": true,
        "dependsOnCode": null,
        "visibleOnCode": "sap_hana_sizing:(custom)",
        "requireOnCode": null
    }
}