{
    "taskSet": {
        "name": "SAP SWPM workflow for PAS restore",
        "type": "operation",
        "description": "SAP SWPM workflow for PAS restore v1.0",
        "labels": [],
        "platform": null,
        "visibility": "private",
        "tasks": [
            63,
            20,
            34
        ],
        "optionTypes": [],
        "taskSetTasks": [
            {
                "taskPhase": "operation",
                "taskOrder": 0,
                "task": {
                    "id": 63,
                    "name": "Get SAP HANA backup parameter",
                    "code": "getSAPHANAbackupparameter"
                }
            },
            {
                "taskPhase": "operation",
                "taskOrder": 1,
                "task": {
                    "id": 20,
                    "name": "SAP HANA root key import",
                    "code": "setSAPHANArootkey"
                }
            },
            {
                "taskPhase": "operation",
                "taskOrder": 2,
                "task": {
                    "id": 34,
                    "name": "SAP PAS restore",
                    "code": "restoreSAPAPP"
                }
            }
        ]
    }
}