{
    "optionTypeList": {
        "name": "SAP HANA Version for RHEL8",
        "description": "List of available SAP HANA installation media directories for RHEL 8",
        "labels": [],
        "type": "manual",
        "sourceUrl": null,
        "visibility": "private",
        "sourceMethod": "GET",
        "apiType": null,
        "ignoreSSLErrors": false,
        "realTime": false,
        "credential": {
            "type": "local"
        },
        "serviceUsername": null,
        "servicePassword": null,
        "initialDataset": "[\r\n  {\"name\": \"SAP HANA 2.0 SPS 06 rev 73 for SAP S/4HANA2023\", \"value\": \"/swdepot/S4HANA2023/SAP_HANA/\"},\r\n  {\"name\": \"SAP HANA 2.0 SPS 07 rev 78\", \"value\": \"/swdepot/SAP_HANA_PLATFORM_20_SPS07_rev78\"},\r\n  {\"name\": \"SAP HANA 2.0 SPS 07 rev 79\", \"value\": \"/swdepot/SAP_HANA_PLATFORM_20_SPS07_rev79\"}\r\n]",
        "translationScript": null,
        "requestScript": null,
        "config": {}
    }
}