{
    "optionType": {
        "name": "SAP HANA database schema",
        "description": "SAP HANA database schema v1.0",
        "labels": [],
        "fieldName": "sap_swpm_db_schema_abap",
        "type": "text",
        "fieldLabel": "SAP HANA database schema",
        "placeHolder": null,
        "helpBlock": "E.g. SAPHANADB",
        "verifyPattern": null,
        "defaultValue": null,
        "required": true,
        "exportMeta": false,
        "editable": false,
        "optionList": null,
        "isHidden": true,
        "dependsOnCode": null,
        "visibleOnCode": null,
        "requireOnCode": null
    }
}