{
    "optionType": {
        "name": "SAP media folder mountpoint",
        "description": "Mountpoint of the SAP media share on the target system v1.0",
        "labels": [],
        "fieldName": "sap_media_folder",
        "type": "text",
        "fieldLabel": "Mountpoint on the target host for SAP media",
        "placeHolder": null,
        "helpBlock": "Mountpoint on the target host, e.g. /mnt/sap-media",
        "verifyPattern": null,
        "defaultValue": null,
        "required": true,
        "exportMeta": false,
        "editable": false,
        "optionList": null,
        "isHidden": true,
        "dependsOnCode": null,
        "visibleOnCode": null,
        "requireOnCode": null
    }
}