{
    "optionType": {
        "name": "SAP media server share",
        "description": "Folder or export location on the media share v1.0",
        "labels": [],
        "fieldName": "media_server_share",
        "type": "text",
        "fieldLabel": "Exported folder on the media server",
        "placeHolder": null,
        "helpBlock": "Exported directory of the source system",
        "verifyPattern": null,
        "defaultValue": null,
        "required": true,
        "exportMeta": false,
        "editable": false,
        "optionList": null,
        "isHidden": true,
        "dependsOnCode": null,
        "visibleOnCode": null,
        "requireOnCode": null
    }
}