{
    "optionType": {
        "name": "SAP APP master  password",
        "description": "SAP master password v1.0",
        "labels": [],
        "fieldName": "sap_swpm_master_password",
        "type": "password",
        "fieldLabel": "SAP APP master password",
        "placeHolder": null,
        "helpBlock": "Master password for the SAP application installation. Must be at least 11 characters long.",
        "verifyPattern": "^.{11,}$",
        "defaultValue": null,
        "required": true,
        "exportMeta": false,
        "editable": false,
        "optionList": null,
        "isHidden": false,
        "dependsOnCode": null,
        "visibleOnCode": null,
        "requireOnCode": null
    }
}