{
    "optionType": {
        "name": "SAP HANA instancenumber",
        "description": "SAP HANA instance number v1.0",
        "labels": [],
        "fieldName": "sap_hana_install_instance_number",
        "type": "text",
        "fieldLabel": "Two digit SAP HANA instance number",
        "placeHolder": null,
        "verifyPattern": null,
        "defaultValue": null,
        "required": true,
        "exportMeta": false,
        "editable": false,
        "optionList": null,
        "isHidden": false,
        "dependsOnCode": null,
        "visibleOnCode": null,
        "requireOnCode": null
    }
}