{
    "optionType": {
        "name": "SAP APP PAS hostname or IP",
        "description": "IP of the PAS instance, required for aas installation v1.0",
        "labels": [],
        "fieldName": "sap_pas_ip_hostname",
        "type": "text",
        "fieldLabel": "IP or hostname of the PAS",
        "placeHolder": null,
        "verifyPattern": null,
        "defaultValue": null,
        "required": false,
        "exportMeta": false,
        "editable": false,
        "optionList": null,
        "isHidden": false,
        "dependsOnCode": null,
        "visibleOnCode": null,
        "requireOnCode": null
    }
}