{
    "optionType": {
        "name": "Morpheus IP",
        "description": "IP of the morpheus host, required for hostname resolution without DHCP",
        "labels": [],
        "fieldName": "morpheus_ip",
        "type": "text",
        "fieldLabel": "Morpheus host IP",
        "placeHolder": null,
        "helpBlock": null,
        "verifyPattern": "^((25[0-5]|2[0-4][0-9]|1[0-9]{2}|[1-9]?[0-9])\\.){3}(25[0-5]|2[0-4][0-9]|1[0-9]{2}|[1-9]?[0-9])$",
        "defaultValue": null,
        "required": false,
        "exportMeta": false,
        "editable": false,
        "optionList": null,
        "isHidden": true,
        "dependsOnCode": null,
        "visibleOnCode": null,
        "requireOnCode": null
    }
}