{
    "optionType": {
        "name": "Ansible python interpreter",
        "description": "Ansible python interpreter v1.0",
        "labels": [],
        "fieldName": "ansible_python_interpreter",
        "type": "text",
        "fieldLabel": "Ansible python interpreter",
        "placeHolder": null,
        "verifyPattern": null,
        "defaultValue": null,
        "required": false,
        "exportMeta": false,
        "editable": false,
        "optionList": null,
        "isHidden": true,
        "dependsOnCode": null,
        "visibleOnCode": null,
        "requireOnCode": null
    }
}