{
    "optionType": {
        "name": "SAP media server user",
        "description": "Username for cifs or webdav mount v1.0",
        "labels": [],
        "fieldName": "media_server_username",
        "type": "text",
        "fieldLabel": "User name for media server service (e.g. Apache)",
        "placeHolder": null,
        "helpBlock": null,
        "verifyPattern": null,
        "defaultValue": null,
        "required": false,
        "exportMeta": false,
        "editable": false,
        "optionList": null,
        "isHidden": true,
        "dependsOnCode": "media_server_type:(cifs|webdav)",
        "visibleOnCode": null,
        "requireOnCode": "media_server_type:(cifs|webdav)"
    }
}