{
    "optionType": {
        "name": "SAP APP AAS Product ID input list",
        "description": "Input list for SAP AAS Product ID and media directories v1.0",
        "labels": [],
        "fieldName": "sap_swpm_input_list",
        "type": "select",
        "fieldLabel": "SAP Product ID",
        "placeHolder": null,
        "verifyPattern": null,
        "defaultValue": null,
        "required": true,
        "exportMeta": false,
        "editable": false,
        "optionList": {
            "name": "SAP AAS Product ID with media directories"
        },
        "isHidden": false,
        "dependsOnCode": null,
        "visibleOnCode": null,
        "requireOnCode": null
    }
}