{
    "optionType": {
        "name": "SAP HANA Master Password",
        "description": "Master password for SAP HANA v1.0",
        "labels": [],
        "fieldName": "sap_hana_install_master_password",
        "type": "password",
        "fieldLabel": "SAP HANA master password",
        "placeHolder": null,
        "helpBlock": "SAP HANA master password",
        "verifyPattern": null,
        "defaultValue": null,
        "required": true,
        "exportMeta": false,
        "editable": false,
        "optionList": null,
        "isHidden": false,
        "dependsOnCode": null,
        "visibleOnCode": null,
        "requireOnCode": null
    }
}