{
    "optionType": {
        "name": "SAP media server IP",
        "description": "IP of the SAP media server host v1.0",
        "labels": [],
        "fieldName": "media_server_ip",
        "type": "text",
        "fieldLabel": "Media Server IP",
        "placeHolder": null,
        "helpBlock": "Please provide the media server IP address",
        "verifyPattern": "^((25[0-5]|2[0-4][0-9]|1[0-9]{2}|[1-9]?[0-9])\\.){3}(25[0-5]|2[0-4][0-9]|1[0-9]{2}|[1-9]?[0-9])$",
        "defaultValue": null,
        "required": true,
        "exportMeta": false,
        "editable": false,
        "optionList": null,
        "isHidden": true,
        "dependsOnCode": null,
        "visibleOnCode": null,
        "requireOnCode": null
    }
}