{
    "optionType": {
        "name": "SAP media server user password",
        "description": "Media server user password  for cifs or webdav mount v1.0",
        "labels": [],
        "fieldName": "media_server_password",
        "type": "password",
        "fieldLabel": "Password for media server user",
        "placeHolder": null,
        "verifyPattern": null,
        "defaultValue": null,
        "required": false,
        "exportMeta": false,
        "editable": false,
        "optionList": null,
        "isHidden": true,
        "dependsOnCode": "media_server_type:(cifs|webdav)",
        "visibleOnCode": null,
        "requireOnCode": "media_server_type:(cifs|webdav)"
    }
}