{
    "taskSet": {
        "name": "SAP Single Node - provisioning",
        "type": "provision",
        "description": "Workflow to Mount Media share, create filesystem, install SAP HANA and SAP Application on a single node v1.0",
        "labels": [
            "SAP single host"
        ],
        "platform": "linux",
        "visibility": "private",
        "tasks": [
            2,
            67,
            66,
            24,
            7,
            54,
            31,
            25,
            6,
            65,
            45,
            19
        ],
        "optionTypes": [],
        "taskSetTasks": [
            {
                "taskPhase": "provision",
                "taskOrder": 0,
                "task": {
                    "id": 2,
                    "name": "Set morpheus hostname resolution",
                    "code": "setMorpheusdataHostname"
                }
            },
            {
                "taskPhase": "provision",
                "taskOrder": 1,
                "task": {
                    "id": 67,
                    "name": "Set proxy",
                    "code": "setproxy"
                }
            },
            {
                "taskPhase": "provision",
                "taskOrder": 2,
                "task": {
                    "id": 66,
                    "name": "Provide SAP installation media",
                    "code": "mountSAPmediaserver"
                }
            },
            {
                "taskPhase": "provision",
                "taskOrder": 3,
                "task": {
                    "id": 24,
                    "name": "Create SAP HANA directories",
                    "code": "createSAPHANAdirs"
                }
            },
            {
                "taskPhase": "provision",
                "taskOrder": 4,
                "task": {
                    "id": 7,
                    "name": "SAP HANA database task",
                    "code": "installSAPHANA"
                }
            },
            {
                "taskPhase": "provision",
                "taskOrder": 5,
                "task": {
                    "id": 54,
                    "name": "Get SWPM input",
                    "code": "getSAPSWPMinput"
                }
            },
            {
                "taskPhase": "provision",
                "taskOrder": 6,
                "task": {
                    "id": 31,
                    "name": "Get SAP HANA parameter for SAP APP installation",
                    "code": "getSAPHANAparameter"
                }
            },
            {
                "taskPhase": "provision",
                "taskOrder": 7,
                "task": {
                    "id": 25,
                    "name": "Create SAP APP directories",
                    "code": "createSAPAPPdirs"
                }
            },
            {
                "taskPhase": "provision",
                "taskOrder": 8,
                "task": {
                    "id": 6,
                    "name": "Prepare hosts file",
                    "code": "prepareetchost"
                }
            },
            {
                "taskPhase": "provision",
                "taskOrder": 9,
                "task": {
                    "id": 65,
                    "name": "Copy crlbag file",
                    "code": "copyCrlbagfile"
                }
            },
            {
                "taskPhase": "provision",
                "taskOrder": 10,
                "task": {
                    "id": 45,
                    "name": "Conditional Workflow SAP SWPM PAS",
                    "code": "conditionalSWPMworkflow"
                }
            },
            {
                "taskPhase": "provision",
                "taskOrder": 11,
                "task": {
                    "id": 19,
                    "name": "SAP PAS post installation",
                    "code": "postinstallSAPPAS"
                }
            }
        ]
    }
}