{
    "taskSet": {
        "name": "SAP AAS installation - operational",
        "type": "operation",
        "description": "Install additional Application server v1.0",
        "labels": [
            "SAP AAS"
        ],
        "platform": "linux",
        "visibility": "private",
        "tasks": [
            2,
            67,
            66,
            6,
            31,
            33,
            18,
            54,
            65,
            28
        ],
        "optionTypes": [
            {
                "name": "Ansible python interpreter",
                "fieldName": "ansible_python_interpreter",
                "description": "Ansible python interpreter v1.0"
            },
            {
                "name": "Morpheus hostname",
                "fieldName": "morpheus_hostname",
                "description": "The Morpheus hostname including the domainname"
            },
            {
                "name": "Morpheus IP",
                "fieldName": "morpheus_ip",
                "description": "IP of the morpheus host, required for hostname resolution without DHCP"
            },
            {
                "name": "HTTP proxy",
                "fieldName": "http_proxy",
                "description": "HTTP proxy v1.0"
            },
            {
                "name": "HTTPS proxy",
                "fieldName": "https_proxy",
                "description": "HTTPS proxy v1.0"
            },
            {
                "name": "SAP media server IP",
                "fieldName": "media_server_ip",
                "description": "IP of the SAP media server host v1.0"
            },
            {
                "name": "SAP media folder mountpoint",
                "fieldName": "sap_media_folder",
                "description": "Mountpoint of the SAP media share on the target system v1.0"
            },
            {
                "name": "SAP media server share",
                "fieldName": "media_server_share",
                "description": "Folder or export location on the media share v1.0"
            },
            {
                "name": "SAP media server type",
                "fieldName": "media_server_type",
                "description": "List of mount options v1.0"
            },
            {
                "name": "SAP media server user password",
                "fieldName": "media_server_password",
                "description": "Media server user password  for cifs or webdav mount v1.0"
            },
            {
                "name": "SAP media server user",
                "fieldName": "media_server_username",
                "description": "Username for cifs or webdav mount v1.0"
            },
            {
                "name": "SAP APP AAS Product ID input list",
                "fieldName": "sap_swpm_input_list",
                "description": "Input list for SAP AAS Product ID and media directories v1.0"
            },
            {
                "name": "SAP APP PAS hostname or IP",
                "fieldName": "sap_pas_ip_hostname",
                "description": "IP of the PAS instance, required for aas installation v1.0"
            },
            {
                "name": "SAP APP SID",
                "fieldName": "sap_swpm_sid",
                "description": "SAP SID for the SAP Application v1.0"
            },
            {
                "name": "SAP APP master  password",
                "fieldName": "sap_swpm_master_password",
                "description": "SAP master password v1.0"
            },
            {
                "name": "SAP APP ASCS instance number",
                "fieldName": "sap_swpm_ascs_instance_nr",
                "description": "SAP ASCS instance number v1.0"
            },
            {
                "name": "SAP HANA instancenumber",
                "fieldName": "sap_hana_install_instance_number",
                "description": "SAP HANA instance number v1.0"
            },
            {
                "name": "SAP HANA SID",
                "fieldName": "sap_hana_install_sid",
                "description": "SAP HANA System ID v1.0"
            },
            {
                "name": "SAP HANA Master Password",
                "fieldName": "sap_hana_install_master_password",
                "description": "Master password for SAP HANA v1.0"
            },
            {
                "name": "SAP HANA database schema",
                "fieldName": "sap_swpm_db_schema_abap",
                "description": "SAP HANA database schema v1.0"
            }
        ],
        "taskSetTasks": [
            {
                "taskPhase": "operation",
                "taskOrder": 0,
                "task": {
                    "id": 2,
                    "name": "Set morpheus hostname resolution",
                    "code": "setMorpheusdataHostname"
                }
            },
            {
                "taskPhase": "operation",
                "taskOrder": 1,
                "task": {
                    "id": 67,
                    "name": "Set proxy",
                    "code": "setproxy"
                }
            },
            {
                "taskPhase": "operation",
                "taskOrder": 2,
                "task": {
                    "id": 66,
                    "name": "Provide SAP installation media",
                    "code": "mountSAPmediaserver"
                }
            },
            {
                "taskPhase": "operation",
                "taskOrder": 3,
                "task": {
                    "id": 6,
                    "name": "Prepare hosts file",
                    "code": "prepareetchost"
                }
            },
            {
                "taskPhase": "operation",
                "taskOrder": 4,
                "task": {
                    "id": 31,
                    "name": "Get SAP HANA parameter for SAP APP installation",
                    "code": "getSAPHANAparameter"
                }
            },
            {
                "taskPhase": "operation",
                "taskOrder": 5,
                "task": {
                    "id": 33,
                    "name": "Get SAP parameter for SAP AAS installation",
                    "code": "getSAPAPPparameter"
                }
            },
            {
                "taskPhase": "operation",
                "taskOrder": 6,
                "task": {
                    "id": 18,
                    "name": "SAP AAS pre installation",
                    "code": "preinstallSAPAAS"
                }
            },
            {
                "taskPhase": "operation",
                "taskOrder": 7,
                "task": {
                    "id": 54,
                    "name": "Get SWPM input",
                    "code": "getSAPSWPMinput"
                }
            },
            {
                "taskPhase": "operation",
                "taskOrder": 8,
                "task": {
                    "id": 65,
                    "name": "Copy crlbag file",
                    "code": "copyCrlbagfile"
                }
            },
            {
                "taskPhase": "operation",
                "taskOrder": 9,
                "task": {
                    "id": 28,
                    "name": "SAP AAS installation",
                    "code": "installSAPAAS"
                }
            }
        ]
    }
}