{
    "taskSet": {
        "name": "SAP HANA installation - provisioning",
        "type": "provision",
        "description": "Mount Media share, create filesystem, install SAP HANA v1.0",
        "labels": [
            "SAP HANA"
        ],
        "platform": "linux",
        "visibility": "private",
        "tasks": [
            2,
            67,
            66,
            24,
            7
        ],
        "optionTypes": [],
        "taskSetTasks": [
            {
                "taskPhase": "provision",
                "taskOrder": 0,
                "task": {
                    "id": 2,
                    "name": "Set morpheus hostname resolution",
                    "code": "setMorpheusdataHostname"
                }
            },
            {
                "taskPhase": "provision",
                "taskOrder": 1,
                "task": {
                    "id": 67,
                    "name": "Set proxy",
                    "code": "setproxy"
                }
            },
            {
                "taskPhase": "provision",
                "taskOrder": 2,
                "task": {
                    "id": 66,
                    "name": "Provide SAP installation media",
                    "code": "mountSAPmediaserver"
                }
            },
            {
                "taskPhase": "provision",
                "taskOrder": 3,
                "task": {
                    "id": 24,
                    "name": "Create SAP HANA directories",
                    "code": "createSAPHANAdirs"
                }
            },
            {
                "taskPhase": "provision",
                "taskOrder": 4,
                "task": {
                    "id": 7,
                    "name": "SAP HANA database task",
                    "code": "installSAPHANA"
                }
            }
        ]
    }
}